rank,Youtuber,subscribers,video views,category,uploads,Country,channel_type,created_year,video_views_for_the_last_30_days,subscribers_for_last_30_days
1,T-Series,245000000,228000000000,Music,20082,India,Music,2006,2258000000,2000000
2,YouTube Movies,170000000,0,Film & Animation,1,United States,Games,2006,12,NA
3,MrBeast,166000000,28368841870,Entertainment,741,United States,Entertainment,2012,1348000000,8000000
4,Cocomelon - Nursery Rhymes,162000000,164000000000,Education,966,United States,Education,2006,1975000000,1000000
5,SET India,159000000,148000000000,Shows,116536,India,Entertainment,2006,1824000000,1000000
6,Music,119000000,0,nan,0,nan,Music,2013,NA,NA
7,ýýý Kids Diana Show,112000000,93247040539,People & Blogs,1111,United States,Entertainment,2015,731674000,NA
8,PewDiePie,111000000,29058044447,Gaming,4716,Japan,Entertainment,2010,39184000,NA
9,Like Nastya,106000000,90479060027,People & Blogs,493,Russia,People,2016,48947000,100000
10,Vlad and Niki,98900000,77180169894,Entertainment,574,United States,Entertainment,2018,580574000,600000
11,Zee Music Company,96700000,57856289381,Music,8548,India,Music,2014,803613000,1100000
12,WWE,96000000,77428473662,Sports,70127,United States,Sports,2007,714614000,600000
13,Gaming,93600000,0,nan,0,nan,Games,2013,NA,NA
14,BLACKPINK,89800000,32144597566,People & Blogs,543,South Korea,Music,2016,498930000,700000
15,Goldmines,86900000,24118230580,Film & Animation,1,nan,Music,2006,18,NA
16,Sony SAB,83000000,101000000000,Shows,71270,India,Entertainment,2007,1657000000,1100000
17,5-Minute Crafts,80100000,26236790209,Howto & Style,1,United Kingdom,Entertainment,2020,1,NA
18,BANGTANTV,75600000,20826993957,Music,2281,South Korea,Music,2012,168290000,400000
19,Sports,75000000,0,nan,3,United States,Entertainment,2006,16,NA
20,Justin Bieber,71600000,30608119724,Music,249,Canada,Music,2007,176326000,100000
21,HYBE LABELS,71300000,28634566938,Music,1337,South Korea,Music,2008,598173000,900000
22,Zee TV,70500000,73139054467,Entertainment,129204,India,Entertainment,2005,1707000000,900000
23,Pinkfong Baby Shark - Kids' Songs & Stories,68200000,38843229963,Education,2865,United States,Education,2011,473387000,600000
24,Canal KondZilla,66500000,36775585925,Music,2572,Brazil,Music,2012,447223000,NA
25,ChuChu TV Nursery Rhymes & Kids Songs,65900000,45757850229,Education,633,India,Education,2013,420292000,500000
26,Shemaroo Filmi Gaane,65600000,28648024439,Music,8502,India,Music,2010,254961000,400000
27,Colors TV,64600000,61510906457,Shows,112915,India,Entertainment,2008,1188000000,1100000
28,T-Series Bhakti Sagar,61000000,29533230328,Music,13,India,Music,2018,10,NA
29,Dude Perfect,59500000,16241549158,Sports,389,United States,Sports,2009,141200000,100000
30,Movieclips,59500000,59316472754,Film & Animation,39113,United States,Film,2006,114668000,100000
31,Tips Official,59300000,33431802698,Music,4741,India,Music,2007,422634000,600000
32,El Reino Infantil,58400000,57271630846,Music,1510,Argentina,Music,2011,611828000,600000
33,Wave Music,58000000,40602020243,Music,19487,India,Music,2014,232025000,500000
34,Aaj Tak,57600000,25307753534,News & Politics,283775,India,News,2009,461148000,500000
35,Sony Music India,57200000,28837144516,Music,3882,India,Music,2009,259310000,300000
36,EminemMusic,56900000,27073872856,Music,156,United States,Music,2007,260193000,300000
37,Marshmello,56400000,14696003229,Entertainment,436,United States,Music,2015,112100000,100000
38,YRF,54600000,35302243691,Film & Animation,3707,India,Music,2006,512093000,500000
39,LooLoo Kids - Nursery Rhymes and Children's Songs,54000000,32312431239,Music,11,nan,nan,2016,159,NA
40,Ed Sheeran,53500000,30367676736,Music,383,United Kingdom,Music,2006,202720000,100000
41,Infobells - Hindi,53300000,30516172739,Education,577,India,Education,2014,815949000,1600000
42,Taylor Swift,52900000,29884657286,Music,216,United States,Music,2006,528392000,800000
43,Ariana Grande,52700000,24004842608,Music,147,United States,Music,2007,160216000,100000
44,BillionSurpriseToys  - Nursery Rhymes & Cartoons,52200000,9877365274,Education,847,United States,Education,2013,266747000,600000
45,JuegaGerman,48100000,14631710289,Gaming,2052,Chile,Games,2013,66388000,200000
46,Billie Eilish,47900000,13626331061,Music,65,United States,Music,2013,146862000,200000
47,Get Movies,47500000,30788679536,Entertainment,3322,Russia,Film,2006,306540000,700000
48,Shemaroo,47400000,22519705183,Entertainment,11451,India,Entertainment,2007,232744000,500000
49,Badabun,46800000,19398045702,Entertainment,1,nan,Music,2007,440,75
50,SonyMusicIndiaVEVO,46600000,27286058807,Music,3444,United States,Music,2009,314505000,400000
51,A4,46300000,22936630813,Gaming,1,Cuba,People,2006,94,10
52,Bad Bunny,46100000,30686342319,Music,1,nan,Sports,2005,1,NA
53,Fernanfloo,46100000,10323391593,Gaming,543,El Salvador,Games,2011,33842000,200000
54,Voot Kids,45500000,21388725229,Entertainment,4660,India,Entertainment,2016,233988000,400000
55,Felipe Neto,45200000,16602198273,Entertainment,4331,Brazil,Entertainment,2006,130359000,200000
56,Vocï¿½ï¿½ï¿½,44700000,7828610828,Entertainment,1558,Brazil,Entertainment,2013,48032000,100000
57,HAR PAL GEO,44600000,41139050371,Entertainment,100755,Pakistan,Entertainment,2008,1337000000,1300000
58,BRIGHT SIDE,44500000,10708531817,Howto & Style,0,nan,nan,2005,NA,1
59,Katy Perry,44200000,25458952022,Music,128,United States,Music,2008,134242000,100000
60,whinderssonnunes,44200000,4274709210,Comedy,558,Brazil,Comedy,2013,26683000,NA
61,ABS-CBN Entertainment,44200000,50292540392,People & Blogs,193890,Philippines,Entertainment,2008,176629000,300000
62,Alan Walker,43700000,12884264778,Music,8,Thailand,Film,2006,22,NA
63,HolaSoyGerman.,43600000,4831311245,Entertainment,6,nan,People,2016,4,NA
64,Shakira,43500000,27568757295,People & Blogs,326,Colombia,Howto,2005,353412000,500000
65,ýýýýýýýý ýý ýýýýýýýýýýýýýý,43200000,36458726976,Film & Animation,1478,Russia,Education,2011,303780000,300000
66,ARY Digital HD,43200000,37939780685,Entertainment,109871,Pakistan,Entertainment,2016,1149000000,900000
67,Speed Records,42500000,26820902622,Music,10938,India,Music,2012,159757000,100000
68,Masha and The Bear,42400000,24519022988,Shows,1218,United States,Film,2014,670459000,1000000
69,Like Nastya Show,42400000,19547696190,Entertainment,618,United States,Entertainment,2017,53202000,NA
70,Rihanna,41900000,22477745835,Entertainment,84,Barbados,Music,2005,182926000,100000
71,Ishtar Music,41400000,17608931161,Trailers,4510,India,Music,2005,180942000,400000
72,Kimberly Loaiza,41300000,5603111948,People & Blogs,291,Mexico,People,2016,136745000,400000
73,Little Baby Bum - Nursery Rhymes & Kids Songs,40900000,39450824833,Education,2423,United States,Education,2011,98775000,100000
74,Luisito Comunica,40600000,8670473639,Comedy,0,Mexico,Comedy,2010,NA,NA
75,elrubiusOMG,40400000,7410536668,Gaming,703,nan,Entertainment,2011,5773000,NA
76,Toys and Colors,40300000,47005053156,Entertainment,4,nan,People,2018,5,NA
77,shfa2 - ï¿½ï¿½,39700000,23884824160,People & Blogs,1596,United Arab Emirates,People,2017,247731000,300000
78,LUCCAS NETO - LUCCAS TOON,39400000,22302547082,People & Blogs,1,nan,Games,2021,2,NA
79,CarryMinati,39200000,3294013141,Comedy,186,India,Comedy,2014,78688000,700000
80,XXXTENTACION,39200000,10507474316,Music,133,United States,Music,2015,58362000,100000
81,Super Simple Songs - Kids Songs,39200000,44900897958,Education,744,Canada,Education,2006,560756000,400000
82,Mikecrack,39100000,16118181673,Gaming,1876,Spain,Games,2015,264108000,800000
83,WorkpointOfficial,39000000,36131228583,Entertainment,72580,Thailand,Entertainment,2012,130461000,200000
84,GR6 EXPLODE,38900000,25154232306,Music,3043,Brazil,Music,2014,1635000000,100000
85,TEDx Talks,38600000,7339333120,Nonprofits & Activism,200933,United States,Nonprofit,2009,45638000,100000
86,shfa,38400000,21528116909,People & Blogs,982,Saudi Arabia,Games,2018,1589000,2000
87,Goldmines Gaane Sune Ansune,38300000,16718192386,Music,3532,India,Music,2015,814756000,400000
88,One Direction,38200000,13598903820,Music,11,United States,Music,2016,6348,100
89,TheEllenShow,38200000,22756581750,Entertainment,15672,United States,Entertainment,2006,21804000,NA
90,Sony PAL,38200000,28519339489,Shows,24089,India,Entertainment,2014,415914000,500000
91,Daddy Yankee,38000000,22731415608,Music,505,United States,Music,2011,205594000,100000
92,Vlad vï¿½ï¿½ï,37900000,23510152352,nan,515,United States,Entertainment,2018,244093000,200000
93,Like Nastya ESP,37600000,18208196857,Entertainment,743,United States,Entertainment,2017,321026000,700000
94,ýýýýýýýýýýýý one31,37500000,27262462114,Entertainment,117152,Thailand,Entertainment,2013,140754000,300000
95,Jkk Entertainment,37200000,16402066717,Comedy,220,India,Comedy,2017,49861000,100000
96,ABP NEWS,37000000,13102611515,People & Blogs,301308,India,News,2012,267060000,400000
97,Maria Clara & JP,37000000,24188861917,People & Blogs,744,Brazil,Entertainment,2015,251449000,300000
98,Bruno Mars,36700000,19378155425,Music,99,United States,Music,2006,175243000,200000
99,Maroon 5,36600000,22553923546,Music,171,United States,Music,2006,152825000,NA
100,Ultra Bollywood,36600000,15653786446,Trailers,9168,India,Entertainment,2009,131462000,200000
101,PowerKids TV,36500000,18961241905,Film & Animation,5621,nan,Film,2014,318702000,600000
102,YouTube,36300000,3010784935,News & Politics,744,United States,Entertainment,1970,21103000,300000
103,News,36300000,0,nan,0,nan,nan,2013,NA,NA
104,Ozuna,36200000,23355801606,Music,196,nan,Music,2016,169242000,100000
105,MrBeast Gaming,36100000,6331332547,Gaming,5,nan,Comedy,2011,32,1
106,La Granja de Zenï¿½,35700000,27118354077,Music,654,Argentina,Music,2013,302071000,400000
107,Saregama Music,35500000,15657673422,Entertainment,7566,India,Music,2013,533793000,900000
108,IndiaTV,35500000,16105023749,News & Politics,273255,India,News,2006,290847000,600000
109,T-Series Bollywood Classics,35400000,22637783517,Music,2010,India,Music,2012,331474000,500000
110,Total Gaming,35400000,5556364230,Gaming,1,nan,Autos,2006,53,2
111,Markiplier,35200000,20297931219,Gaming,5490,United States,Games,2012,127329000,100000
112,Ryan's World,35200000,55299840198,Entertainment,2453,United States,Entertainment,2015,238613000,200000
113,Genevieve's Playhouse - Learning Videos for Kids,34900000,25607397308,Education,617,United States,Film,2016,335307000,300000
114,T-Series Apna Punjab,34600000,21306315429,Music,0,nan,News,2020,NA,NA
115,Techno Gamerz,34400000,9690499664,Gaming,1,nan,Games,2010,86,3
116,Geet MP3,34300000,12746535822,Music,679,India,Music,2016,101357000,100000
117,J Balvin,34100000,23005313609,Music,141,Colombia,Music,2011,128696000,100000
118,Jess No Limit,34000000,3963007415,Entertainment,2284,Indonesia,Entertainment,2017,547141000,5500000
119,Jingle Toons,34000000,11351015824,Film & Animation,240,India,Film,2013,179903000,600000
120,VEGETTA777,33800000,15432929204,Gaming,7606,Spain,Games,2008,39094000,NA
121,Galinha Pintadinha,33800000,27274550757,Film & Animation,66,Brazil,Film,2006,403508000,200000
122,SSSniperWolf,33700000,23492684419,Gaming,3366,United States,Entertainment,2013,210955000,200000
123,Desi Music Factory,33700000,10189027455,Music,2,nan,Music,2018,NA,NA
124,Selena Gomez,33600000,13013567335,Film & Animation,188,United States,Music,2008,115792000,200000
125,Rajshri,33500000,14864294792,Music,3741,India,Entertainment,2006,272255000,500000
126,Ch3Thailand,33500000,29611914495,Entertainment,96214,Thailand,Entertainment,2014,61307000,100000
127,KHANDESHI MOVIES,33500000,11405809704,Comedy,217,India,Comedy,2013,24736000,100000
128,NoCopyrightSounds,33400000,10530729078,Music,1331,United Kingdom,Music,2011,55654000,NA
129,CVS 3D Rhymes & Kids Songs,33400000,20269857567,Education,338,India,Education,2008,136084000,200000
130,Ricis Official,33300000,5994136760,People & Blogs,2736,Indonesia,Entertainment,2016,157101000,1900000
131,BabyBus - Kids Songs and Cartoons,32800000,26355088167,Education,2122,United States,Education,2016,127498000,200000
132,Eros Now Music,32700000,17853798780,Entertainment,1521,India,Entertainment,2012,20263000,40000
133,BETER Bï¿½ï¿½,32700000,19180039918,nan,2738,Turkey,Games,2012,1463000000,2100000
134,DisneyMusicVEVO,32700000,28516250629,Music,2068,United States,Music,2010,329861000,300000
135,The Weeknd,32600000,23379969006,Music,169,Canada,Music,2011,373828000,200000
136,WowKidz,32200000,16613441479,Film & Animation,2,nan,Entertainment,2006,1,NA
137,KAROL G,32100000,18699145555,Music,134,Colombia,Music,2013,465647000,300000
138,Mr Bean,32100000,10602236110,Shows,3091,United Kingdom,Comedy,2006,56534000,100000
139,rezendeevil,32100000,13061739758,Gaming,11882,Brazil,Entertainment,2012,44505000,NA
140,StarPlus,32000000,26800674545,Entertainment,44892,India,Entertainment,2006,1667000000,1200000
141,SMTOWN,31900000,27330239663,Music,4158,nan,Music,2006,233402000,100000
142,GMA  Network,31900000,19428308461,Entertainment,93311,Philippines,Entertainment,2006,798510000,500000
143,GENIAL,31800000,6762424690,Howto & Style,6734,Mexico,Howto,2017,31455000,NA
144,MR. INDIAN HACKER,31700000,5711208484,Science & Technology,929,India,Tech,2012,109125000,500000
145,Worldwide Records Bhojpuri,31700000,16476978876,Music,6518,India,Music,2012,112648000,200000
146,DONA ï¿½ï¿½,31700000,21031745531,Entertainment,166,United States,Entertainment,2018,153280000,200000
147,Dream,31700000,2930015381,Gaming,116,United States,Games,2014,27022000,200000
148,Lucas and Marcus,31600000,11615848291,Entertainment,1321,United States,Entertainment,2011,312099000,400000
149,JustinBieberVEVO,31600000,26583873105,Music,204,United States,Music,2009,105126000,NA
150,Luis Fonsi,31400000,15176762479,Entertainment,0,nan,nan,2006,NA,NA
151,Peppa Pig - Official Channel,31400000,22919271731,Film & Animation,3589,United Kingdom,Education,2013,244925000,300000
152,YOLO AVENTURAS,31200000,9673649438,People & Blogs,65,Venezuela,Comedy,2018,3589,100
153,The Tonight Show Starring Jimmy Fallon,31200000,17111726160,Comedy,8976,United States,Comedy,2006,22511000,100000
154,TheDonato,31200000,6187804950,Entertainment,3027,Argentina,Games,2015,190679000,1900000
155,ImagineDragons,30700000,16793072362,Music,92,United States,Music,2009,188837000,100000
156,Diana and Roma ESP,30700000,12355992466,nan,578,United States,Entertainment,2016,102998000,200000
157,Round2hell,30700000,3145161634,Comedy,67,India,Entertainment,2016,31822000,300000
158,Zee News,30500000,16709857823,News & Politics,180092,India,News,2007,461472000,600000
159,AboFlah,30500000,4521573939,Gaming,641,Kuwait,Entertainment,2016,157908000,1300000
160,AH,30400000,4332274962,Entertainment,2197,Indonesia,Entertainment,2014,21440000,NA
161,Trap Nation,30400000,14037426379,Music,2725,United States,Music,2012,45822000,NA
162,ýýýýýýýýýýýýýýý ýýýýýý ýýýýýýýýýýýýýýýýýý,30400000,17999961915,nan,532,United States,Entertainment,2018,122926000,300000
163,Boram Tube Vlog [ï¿½ï¿½ï¿½ï¿½ï¿½ï¿½ï¿½ï¿½ï¿,30300000,13546549817,Entertainment,223,United States,Entertainment,2012,22724000,NA
164,Adele,30200000,14199108016,Music,15,United Kingdom,Music,2008,137099000,100000
165,Talking Tom,30200000,15199330166,Comedy,2,United States,Entertainment,2008,NA,NA
166,ýýýýýýýý ýýýýýýýý ýýýýýýýýýý | toyoraljanahtv,30200000,27684955537,Entertainment,3254,Jordan,Music,2008,116434000,100000
167,Frost Diamond,30100000,7277493940,Gaming,0,nan,nan,2006,NA,6
168,Spinnin' Records,30100000,19607009165,Music,11501,Netherlands,Music,2007,100040000,100000
169,Little Angel: Nursery Rhymes & Kids Songs,30100000,22593193994,Education,1349,United States,Education,2015,107525000,NA
170,jacksepticeye,30100000,16246625836,Gaming,5114,nan,Games,2007,40425000,100000
171,Shawn Mendes,30000000,12831200855,Music,133,Canada,Music,2011,88749000,NA
172,ashish chanchlani vines,29800000,4457913639,Comedy,151,India,Comedy,2009,26171000,100000
173,Ultra Records,29600000,17208027242,Music,4903,United States,Music,2006,81884000,NA
174,Popular on YouTube,29300000,0,nan,3,nan,Education,2017,1,NA
175,Maluma,29300000,21226945136,Music,14,Argentina,People,2015,15,NA
176,Zhong,29200000,14727238483,Entertainment,1513,United States,Entertainment,2015,180519000,1000000
177,Enaldinho,29200000,11627437847,Comedy,3654,Brazil,Games,2012,303100000,1000000
178,AuronPlay,29200000,4079141673,Comedy,404,Spain,Comedy,2006,12143000,NA
179,Shorts Break,29000000,19466238065,Comedy,42,nan,nan,2021,60805,151
180,infobells - Tamil,28900000,17930570614,Education,555,India,Education,2014,109828000,200000
181,Aditya Music India,28500000,25857994495,Music,0,nan,Music,2010,NA,NA
182,The Late Late Show with James Corden,28400000,9956764048,Entertainment,5809,United States,Entertainment,2006,26435000,NA
183,Aditya Movies,28400000,10062770060,Movies,5436,India,Film,2012,227355000,500000
184,Masha y el Oso,28300000,13577142726,Film & Animation,6,nan,nan,2019,2,NA
185,infobells - Telugu,28300000,14814192034,Education,505,India,Education,2014,288110000,800000
186,HUM TV,28300000,23844936965,Entertainment,106983,Pakistan,Entertainment,2011,684860000,700000
187,Shemaroo Movies,28200000,7600740993,Entertainment,3009,India,Film,2011,184966000,500000
188,Michael Jackson,28200000,14412474625,Music,15,United States,Music,2005,158591000,200000
189,Drake,28100000,15318895118,Music,3,nan,Film,2005,31,1
190,Goldmines Dishoom,28000000,8603468420,Film & Animation,3878,nan,Film,2016,129211000,400000
191,Sandeep Maheshwari,27800000,2303069221,People & Blogs,0,Singapore,nan,2008,NA,1
192,Bounce Patrol - Kids Songs,27800000,21037851468,Music,292,Australia,Music,2013,127441000,NA
193,toycantando,27700000,15777682516,Music,619,Colombia,Music,2009,173836000,200000
194,MrBeast 2,27500000,4552581106,People & Blogs,27,United States,Music,2011,649,NA
195,Wiz Khalifa,27500000,13379395501,Music,682,United States,Music,2008,90450000,100000
196,JYP Entertainment,27400000,19883150017,Music,1753,South Korea,Music,2008,307631000,200000
197,ýýý Kids Roma Show,27400000,10336420490,People & Blogs,642,United States,Entertainment,2015,175844000,400000
198,DanTDM,27400000,19417887510,Gaming,3664,United Kingdom,Games,2012,78668000,500000
199,Nick Jr.,27300000,22440611155,Film & Animation,5438,United States,Entertainment,2012,42546000,200000
200,Crazy XYZ,27300000,7705492350,Entertainment,1259,India,Tech,2017,102235000,100000
201,ToyPuddingTV,27100000,15916882228,Entertainment,2,nan,People,2017,14,NA
202,Dushyant kukreja,27100000,17318452893,Entertainment,889,India,Entertainment,2015,429692000,700000
203,Gulshan Kalra,27100000,12732444881,Howto & Style,545,nan,Howto,2018,502779000,1300000
204,Brent Rivera,27000000,6570935979,Comedy,554,United States,Entertainment,2009,144453000,300000
205,Renato Garcia YT,26900000,7938616641,Entertainment,3956,Brazil,Entertainment,2011,82912000,200000
206,Beast Reacts,26700000,4388047013,People & Blogs,241,United States,Entertainment,2016,276187000,1200000
207,enchufetv,26700000,10317306313,Comedy,975,Colombia,Comedy,2011,24363000,NA
208,Netflix,26700000,7173668905,Entertainment,6471,United States,Entertainment,2012,118226000,200000
209,Raffy Tulfo in Action,26500000,15065753455,News & Politics,10022,Philippines,News,2016,163130000,300000
210,WORLDSTARHIPHOP,26500000,20358117330,Music,6873,United States,Music,2008,89098000,NA
211,Goldmines Bollywood,26400000,8595760553,Film & Animation,3622,India,Film,2015,99677000,400000
212,Alan Chikin Chow,26400000,27006526665,Comedy,865,United States,Comedy,2020,1046000000,1300000
213,PANDA BOI,26400000,17211600007,Entertainment,967,Italy,Entertainment,2020,1225000000,2000000
214,BB Ki Vines,26300000,4749833967,Entertainment,190,India,Entertainment,2015,17264000,NA
215,D Billions,26200000,31977463002,nan,775,United States,Entertainment,2019,487076000,200000
216,Junya.ï¿½ï¿½ï¿½ï¿½,26200000,16097531087,Entertainment,5985,Japan,Entertainment,2020,721848000,1100000
217,Smosh,26100000,10435474336,Comedy,1619,United States,Comedy,2005,68156000,400000
218,1MILLION Dance Studio,26100000,7886440199,Entertainment,0,Saudi Arabia,Music,2019,NA,NA
219,NichLmao,26000000,14101010609,People & Blogs,868,nan,People,2018,606362000,1100000
220,Beyoncï¿,26000000,17308961985,Music,240,United States,Music,2005,55454000,NA
221,Marï¿½ï¿½ï¿½ï¿½ï¿½,26000000,18597534412,Music,1,nan,Music,2008,3,3
222,Indosiar,25900000,11372071889,Music,65286,Indonesia,Entertainment,2013,230183000,600000
223,VanossGaming,25800000,15541421838,Gaming,1762,Canada,Games,2011,54947000,NA
224,David Guetta,25700000,17793809548,Music,749,United States,Music,2009,164215000,100000
225,LosPolinesios,25700000,7466926260,People & Blogs,982,Mexico,People,2012,30501000,NA
226,Nicki Minaj,25700000,10242981063,Music,42,United States,Music,2013,103631000,100000
227,Fede Vigevani,25600000,7962725960,Howto & Style,0,nan,nan,2019,NA,2
228,TaylorSwiftVEVO,25600000,25592378292,Music,287,United States,Music,2009,318593000,100000
229,ZHC,25500000,2726917087,Film & Animation,5,nan,Entertainment,2006,20,4
230,Post Malone,25500000,14401218086,Music,78,United States,Music,2011,195499000,100000
231,Rans Entertainment,25400000,6430853035,People & Blogs,3716,Indonesia,Entertainment,2015,58487000,100000
232,LankyBox,25400000,34300482066,Comedy,8775,United States,Games,2016,815341000,600000
233,Coldplay,25300000,17331663193,Music,398,United Kingdom,Music,2010,198875000,100000
234,Las Ratitas,25200000,9602246828,People & Blogs,4,nan,People,2019,11,NA
235,WB Kids,25200000,11081602368,People & Blogs,2025,United States,Film,2015,140319000,300000
236,ABPLIVE,25200000,7968363381,People & Blogs,12,nan,People,2014,2,NA
237,Chris Brown,25200000,15520569496,Music,0,nan,nan,NA,NA,NA
238,The Lallantop,25200000,10409352249,News & Politics,51129,India,News,2015,273920000,300000
239,RihannaVEVO,25100000,19458807708,Music,118,United States,Music,2009,94246000,NA
240,WatchMojo.com,25100000,16357064198,Music,24837,Canada,Entertainment,2007,49009000,NA
241,TRANS7 OFFICIAL,25000000,14169516119,Entertainment,89179,Indonesia,Entertainment,2014,123189000,100000
242,Anuel AA,25000000,14827085149,Music,147,Colombia,Music,2016,284144000,300000
243,Dan Rhodes,24800000,17387583720,Entertainment,1644,United Kingdom,Entertainment,2015,331889000,500000
244,Yuya,24800000,2588501115,Howto & Style,672,Mexico,Howto,2009,336291,NA
245,America's Got Talent,24800000,3699352704,Entertainment,1894,United States,Entertainment,2006,134412000,400000
246,mujjuu___14,24800000,14655527943,People & Blogs,872,nan,People,2020,400222000,900000
247,EminemVEVO,24700000,20531704527,Music,104,United States,Music,2009,139443000,100000
248,Chloe Ting,24700000,2994726412,Howto & Style,412,Australia,Howto,2011,23263000,NA
249,KatyPerryVEVO,24600000,23755792542,Music,175,United States,Music,2009,88940000,100000
250,Mark Rober,24600000,3647987299,Science & Technology,120,United States,Tech,2011,88625000,200000
251,1theK (ï¿½ï¿½ï¿½ï¿½ï,24500000,23962070944,Music,18950,South Korea,Entertainment,2011,105567000,NA
252,Like Nastya AE,24400000,12385924995,Entertainment,658,United States,Entertainment,2018,169865000,400000
253,Amit Bhadana,24300000,2380248899,Entertainment,17,nan,People,2009,5,NA
254,Pen Movies,24300000,6608773195,Film & Animation,1667,India,Film,2014,94853000,300000
255,MrBeast en Espaï¿½ï,24200000,2700914170,Entertainment,67,Mexico,Entertainment,2021,33590000,100000
256,shfa show India,24200000,15724160183,nan,469,United Arab Emirates,People,2019,151208000,200000
257,Super JoJo - Nursery Rhymes & Kids Songs,24100000,329774870,nan,36,United States,Education,2019,328503000,100000
258,Alejo Igoa,24100000,10999000479,Comedy,802,Argentina,Entertainment,2014,401512000,600000
259,Daniel LaBelle,24100000,12916159065,Comedy,287,nan,Comedy,2009,398765000,700000
260,netd mï¿½ï¿,24100000,56106087508,Music,23491,Turkey,Music,2014,424815000,200000
261,DJ Snake,24100000,8425505919,Music,252,United States,Music,2008,63293000,NA
262,Diana and Roma ARA,24100000,11041261296,nan,590,United States,Entertainment,2019,66884000,200000
263,KSI,24100000,6002166932,Entertainment,1252,United Kingdom,Music,2009,5439000,NA
264,Spider Slack,24000000,13943030228,Comedy,901,Brazil,Comedy,2020,761451000,1100000
265,Goldmines Movies,24000000,5652938599,Film & Animation,3,nan,People,2018,3,NA
266,Preston,24000000,8279004442,Gaming,4009,United States,Entertainment,2012,151697000,200000
267,James Charles,23900000,4067878931,Entertainment,505,United States,Entertainment,2015,58126000,100000
268,Collins Key,23900000,6582932625,Entertainment,257,United States,Entertainment,2011,10853000,NA
269,Diana and Roma EN,23900000,7213499085,People & Blogs,511,United States,Entertainment,2011,177769000,300000
270,Venus Entertainment,23800000,5663125358,Entertainment,70,nan,Entertainment,2016,31633,NA
271,Troom Troom,23800000,10414479943,Howto & Style,2425,United States,Howto,2015,98052000,100000
272,Enrique Iglesias,23800000,17688774915,Music,443,United States,Music,2007,122914000,100000
273,Ninja,23700000,2543809954,Gaming,1732,United States,Games,2011,8368000,NA
274,FaZe Rug,23700000,7451792132,Gaming,0,Canada,Games,2012,NA,1
275,Mister Max,23700000,15510153803,People & Blogs,1099,United Kingdom,Entertainment,2014,32817000,NA
276,That Little Puff,23700000,20289689389,Pets & Animals,769,United States,Animals,2020,755054000,1100000
277,NickyJamTV,23600000,15901824841,Music,392,nan,Music,2012,77927000,100000
278,Juan De Dios Pantoja,23600000,2135644776,Entertainment,226,Mexico,People,2014,46862000,200000
279,Logan Paul,23600000,5994002464,Entertainment,719,United States,Entertainment,2015,10803000,NA
280,Maya and Mary,23600000,6766461070,Entertainment,552,United States,Entertainment,2013,44542000,400000
281,Peppa Pig Espaï¿½ï¿½ï¿½ï¿½ï¿½ï¿½ï¿½ï¿½ï¿½,23600000,7920637200,Film & Animation,1251,United Kingdom,Film,2014,53589000,100000
282,Jelly,23500000,14777034543,Gaming,6066,United Kingdom,Games,2014,41669000,NA
283,Miss Katy,23500000,14696994366,People & Blogs,1044,United Kingdom,Entertainment,2014,59629000,NA
284,Tilak,23400000,9465863821,Film & Animation,6672,India,Film,2020,367347000,900000
285,Valentina Pontes ofc,23400000,7926899136,Film & Animation,1291,Brazil,Entertainment,2014,28285000,NA
286,Sesame Street,23300000,22471357411,Entertainment,3657,United States,Entertainment,2006,124187000,100000
287,Happy Lives,23200000,2634,Science & Technology,1,United States,Entertainment,2016,6589000000,100000
288,Lady Gaga,23200000,15751661213,People & Blogs,172,United States,Music,2008,143169000,100000
289,Akshay Nagwadiya,23200000,7966720147,Entertainment,595,nan,Entertainment,2017,321179000,900000
290,Wave Music Bhojpuri,23100000,12889240875,Music,22578,India,Music,2014,52678000,100000
291,GMM GRAMMY OFFICIAL,23100000,25579831081,Music,15462,Thailand,Music,2010,130233000,NA
292,TED,23100000,2551113422,People & Blogs,4445,United States,Tech,2006,13246000,100000
293,unknown boy varun,23100000,9299371231,Music,456,India,Music,2016,304021000,700000
294,Kids TV - Nursery Rhymes And Baby Songs,23100000,13151870846,Shows,3781,United States,Music,2013,128448000,700000
295,Tsuriki Show,23000000,31494513067,Entertainment,2905,Germany,Comedy,2019,756717000,800000
296,Technical Guruji,23000000,3378047383,Science & Technology,5041,India,Tech,2015,22262000,NA
297,DrossRotzank,23000000,6041264489,Entertainment,1598,Argentina,Entertainment,2006,35539000,100000
298,White Hill Music,23000000,10939966484,Entertainment,5718,India,Music,2014,93183000,100000
299,Ultra Movie Parlour,22900000,5320485069,Movies,1670,India,Film,2011,118846000,300000
300,Alan Becker,22900000,5380073627,Film & Animation,0,United States,Games,2006,NA,1
301,toyorbabytv,22900000,16298342829,Music,1159,Jordan,Music,2012,169056000,300000
302,BabyBus - Canciones Infantiles & Videos para Niï¿½ï,22900000,13206471140,Education,1251,Mexico,Education,2018,136821000,200000
303,KL BRO Biju Rithvik,22800000,17988347989,Entertainment,1841,nan,Entertainment,2020,2033000000,3200000
304,Vania Mania Kids,22700000,10115316784,People & Blogs,985,United States,Education,2015,155215000,300000
305,Like Nastya PRT,22700000,11568118121,Entertainment,654,nan,Entertainment,2019,96613000,100000
306,Sun TV,22600000,20847038152,People & Blogs,60964,India,Entertainment,2016,982238000,600000
307,Heroindori,22600000,9223534599,Comedy,495,India,Entertainment,2020,399152000,1400000
308,The Chainsmokers,22600000,14231943358,Music,180,United States,Music,2012,81660000,100000
309,mmoshaya,22600000,17507060680,People & Blogs,1189,Saudi Arabia,Entertainment,2010,73829000,100000
310,Sia,22600000,13405849040,Music,171,United States,Music,2007,95253000,NA
311,LeoNata Family,22600000,27084848152,People & Blogs,2321,United States,People,2021,1174000000,1300000
312,Goldmines Cineplex,22500000,2431154438,Film & Animation,3377,India,Film,2015,48740000,200000
313,Vlad and Niki Arabic,22500000,10613701948,nan,526,United States,Entertainment,2018,65066000,100000
314,SSundee,22500000,13835173331,Gaming,3315,United States,Games,2009,175094000,200000
315,Paulo Londra,22400000,8040036209,Music,58,Argentina,Music,2016,72242000,NA
316,Smile Family,22300000,8663830163,People & Blogs,34,France,Music,2019,735,10
317,FGTeeV,22300000,24059336857,Gaming,1724,United States,Games,2013,132110000,100000
318,Kinder Spielzeug Kanal (Kidibli),22200000,11136266461,Entertainment,999,United States,Entertainment,2015,139333000,200000
319,Charlie Puth,22000000,9924807127,Music,157,United States,Music,2009,111500000,100000
320,Vlad and Niki ESP,22000000,8594440895,nan,515,United States,Entertainment,2018,183871000,200000
321,Sagawa /ï¿½ï¿½ï¿½,22000000,18347969186,Entertainment,6274,Japan,Entertainment,2021,711254000,800000
322,Ben Azelart,21900000,4454917643,Film & Animation,301,United States,Entertainment,2014,184946000,500000
323,Zach Choi ASMR,21900000,5918314128,People & Blogs,946,United States,People,2014,234222000,400000
324,Topper Guild,21900000,15552070846,Comedy,816,United States,Comedy,2014,687028000,1900000
325,Disney Latinoamï¿½ï¿½,21900000,20657571751,Entertainment,116,Mexico,Music,2008,4719,NA
326,Stokes Twins,21800000,4469711607,People & Blogs,257,United States,People,2008,197953000,600000
327,National Geographic,21800000,5614621131,Science & Technology,10162,United States,Entertainment,2006,45812000,100000
328,Dua Lipa,21800000,11288359365,Music,164,United Kingdom,Music,2011,128047000,100000
329,OneDirectionVEVO,21800000,12140232004,Music,266,United Kingdom,Music,2010,51134000,NA
330,Rotana,21800000,19329351143,Music,135,nan,Music,2011,10571,100
331,Netflix India,21800000,7780934187,People & Blogs,1,nan,People,2017,408,NA
332,Sourav Joshi Vlogs,21700000,9392093496,People & Blogs,1390,nan,People,2019,265336000,400000
333,ZAMZAM ELECTRONICS TRADING,21700000,8507818877,nan,15126,United Arab Emirates,People,2020,1598000000,3400000
334,DUDU e CAROL,21600000,9597894786,Autos & Vehicles,2942,Brazil,Entertainment,2013,193174000,300000
335,Village Cooking Channel,21600000,5863377051,Howto & Style,219,India,Howto,2018,194604000,400000
336,Eva Bravo Play,21600000,9346383505,Entertainment,228,United States,Entertainment,2019,63919000,NA
337,Tekashi 6ix9ine,21500000,5890180734,People & Blogs,51,United States,Music,2018,113542000,200000
338,Tlnovelas,21500000,15013096899,News & Politics,158,Mexico,Entertainment,2014,15459,NA
339,SMOL,21500000,22065582014,People & Blogs,6,nan,Music,2006,3,NA
340,invictor,21500000,8409641722,Gaming,17,Chile,People,2016,49,4
341,YOLO,21400000,1573058816,Comedy,0,Germany,nan,2013,NA,5
342,Sidhu Moose Wala,21400000,6264261757,Music,114,India,Music,2017,160690000,500000
343,The Royalty Family,21300000,6269945014,People & Blogs,733,United States,People,2017,160227000,200000
344,Becky G,21300000,10644857969,Music,78,United States,Music,2011,103171000,100000
345,Ishaan Ali 11,21300000,12761253839,People & Blogs,951,India,People,2016,729409000,1600000
346,Infinite,21300000,5141834668,Entertainment,1608,United States,Entertainment,2014,68350000,200000
347,Azhan5star,21300000,10047736580,Entertainment,669,India,Entertainment,2021,236293000,600000
348,Dangal TV Channel,21300000,12895427184,Entertainment,20225,India,Entertainment,2017,561020000,700000
349,Khan GS Research Centre,21200000,2073073070,Education,1,nan,People,2017,NA,NA
350,GMA Public  Affairs,21200000,11364908616,Entertainment,31989,Philippines,News,2009,142317000,200000
351,Tasty,21100000,5783557209,Howto & Style,4728,United States,Howto,2016,24691000,NA
352,Baim Paula,21100000,4526271677,People & Blogs,2325,Indonesia,Entertainment,2016,26974000,100000
353,nigahiga,21000000,4380564906,Entertainment,403,United States,Entertainment,2006,2476000,NA
354,Rafa & Luiz,21000000,7762905663,Entertainment,2883,Brazil,Entertainment,2015,118410000,400000
355,Lyrical Lemonade,21000000,10631638628,Entertainment,420,United States,Entertainment,2013,80062000,100000
356,Vlad and Niki IDN,21000000,9789121606,nan,498,United States,Entertainment,2018,133362000,300000
357,Dr. Vivek Bindra: Motivational Speaker,20900000,1693149479,Education,896,India,Education,2013,28588000,100000
358,Fatos Desconhecidos,20900000,3828000587,Entertainment,6262,Brazil,Entertainment,2013,52330000,100000
359,Brave Wilderness,20900000,4927879069,Pets & Animals,982,United States,Animals,2014,2989000,100000
360,LIV Crime,20900000,11058049885,People & Blogs,9850,United States,People,2020,383700000,600000
361,Minecraft - Topic,20900000,0,nan,0,nan,Games,2013,NA,300000
362,Romeo Santos,20900000,17324976752,Music,6,United States,Music,2006,99,NA
363,Canal Canalha,20800000,1870608170,Comedy,288,Brazil,Comedy,2011,23897000,NA
364,Kurzgesagt ï¿½ï¿½ï¿½ï¿½ï¿½ï¿,20800000,2378448129,Education,193,Germany,Education,2013,29269000,100000
365,Yoeslan,20700000,17963202261,Entertainment,619,United States,Entertainment,2020,874796000,1000000
366,5-Minute Crafts DIY,20700000,5091618606,Howto & Style,5062,United States,Howto,2018,20012000,NA
367,Zach King,20700000,5410164682,Entertainment,6,nan,Entertainment,2013,125,10
368,tuzelity SHUFFLE,20700000,8658941531,People & Blogs,889,Russia,People,2015,552266000,1600000
369,NBA,20700000,12624879732,Sports,47926,United States,Sports,2005,73025000,NA
370,Deddy Corbuzier,20600000,4956090094,Entertainment,15,Indonesia,Entertainment,2007,85,1
371,Bizarrap,20600000,7657171980,Comedy,83,Argentina,Entertainment,2017,193176000,200000
372,Avicii,20600000,10292874715,Music,156,Sweden,Music,2009,81236000,NA
373,Mnet K-POP,20500000,15038593883,Entertainment,33229,South Korea,Entertainment,2006,158540000,100000
374,LazarBeam,20500000,8768697257,Gaming,1323,Australia,Games,2015,26082000,NA
375,Ninja Kidz TV,20500000,11009148579,Entertainment,296,United States,Entertainment,2017,195203000,100000
376,Totoy kids - Portuguï¿½,20400000,1796227417,Film & Animation,206,Brazil,Film,2014,39495000,100000
377,Jake Paul,20400000,7311322368,People & Blogs,1006,United States,People,2013,14646000,100000
378,Linkin Park,20400000,13397000296,Music,0,Afghanistan,Games,2006,NA,12
379,Vijay Television,20400000,29406206620,Entertainment,51515,India,Entertainment,2007,907534000,400000
380,SlivkiShow,20400000,4707412332,Entertainment,462,Ukraine,Entertainment,2012,28990000,NA
381,Emiway Bantai,20400000,3579555124,Music,239,India,Music,2013,41289000,100000
382,Got Talent Global,20300000,2441288701,Entertainment,1245,United Kingdom,Entertainment,2013,86457000,100000
383,ýýýýýýýýýýýýýýý - Genevieve's Playhouse,20300000,11022391339,Education,107,nan,Education,2018,71777000,200000
384,BabyBus - Cerita & Lagu Anak-anak,20300000,11819051552,Education,875,Indonesia,Education,2019,112768000,100000
385,Ami Rodriguez,20200000,2951914200,Entertainment,460,Colombia,Entertainment,2009,263864000,1600000
386,Noor Stars,20200000,2764127969,Comedy,693,United Arab Emirates,Entertainment,2014,15556000,100000
387,Family GamesTV,20200000,7066711323,Entertainment,0,nan,Games,2012,NA,NA
388,Kiddiestv Hindi - Nursery Rhymes & Kids Songs,20200000,7274150246,Education,226,India,Education,2017,113420000,300000
389,dednahype,20200000,20919403720,Comedy,1935,Latvia,Comedy,2020,1245000000,1200000
390,Marta and Rustam,20200000,19694265358,Comedy,761,United States,Comedy,2021,452250000,600000
391,MiawAug,20200000,6098644584,Gaming,3713,Indonesia,Games,2014,64489000,200000
392,CookieSwirlC,20100000,23353115850,Entertainment,3774,United States,Games,2013,221702000,200000
393,Skrillex,20100000,6618524158,Music,241,United States,Music,2010,25263000,NA
394,AuthenticGames,20100000,8920141342,Gaming,4974,Brazil,Games,2011,5420000,NA
395,Robin Hood Gamer,20100000,10366850490,Entertainment,0,nan,Games,2013,NA,NA
396,Pencilmation,20100000,11317309935,Film & Animation,1481,United States,Entertainment,2007,14862000,100000
397,7clouds,20100000,14816075927,Music,2384,United States,Music,2013,276751000,300000
398,5-Minute Crafts PLAY,20100000,6119294270,Howto & Style,5491,United States,Howto,2017,105784000,100000
399,Marvel Entertainment,20100000,5634695322,Entertainment,1,United States,Film,2011,63,30
400,BuzzFeedVideo,20100000,17913237851,People & Blogs,7737,United States,People,2011,9112000,NA
401,REACT,20000000,13154314376,Entertainment,4339,United States,Entertainment,2007,23206000,NA
402,Vevo,20000000,559765455,Music,1527,United States,Music,2006,1331000,NA
403,Gordon Ramsay,20000000,3875172235,Entertainment,1527,United Kingdom,Entertainment,2006,39228000,200000
404,Pentatonix,20000000,6033295543,Music,1,Canada,Entertainment,2006,NA,NA
405,Green Gold TV - Official Channel,20000000,9715291883,Film & Animation,1476,India,Entertainment,2011,70278000,100000
406,Gusttavo Lima Oficial,19900000,13917423958,Music,416,Brazil,Music,2010,214803000,100000
407,HaerteTest,19800000,3234880084,Science & Technology,1411,Germany,Tech,2011,5650000,NA
408,Crafty Panda,19800000,5759442450,People & Blogs,760,United States,Entertainment,2017,6137000,100000
409,SOMOY TV,19800000,12293479945,News & Politics,9930,United States,News,2013,16229,NA
410,JennaMarbles,19700000,1803249241,Comedy,250,United States,Comedy,2010,3769000,NA
411,Troom Troom Es,19700000,7452667615,People & Blogs,2912,nan,Howto,2016,29387000,100000
412,Official Pink Panther,19700000,10955619815,Film & Animation,1,United States,Games,2011,NA,NA
413,Britain's Got Talent,19700000,11323617496,Entertainment,4225,United Kingdom,Entertainment,2008,54192000,100000
414,SCTV,19700000,9808676159,Entertainment,267,United Kingdom,Music,2006,336,NA
415,AS Gaming,19600000,2851024430,Gaming,17,United States,Games,2009,23,NA
416,Sony AATH,19600000,13930021471,Shows,18661,United States,Entertainment,2013,274212000,300000
417,tabii Urdu,19600000,8779729549,Entertainment,1306,Turkey,Entertainment,2020,110806000,100000
418,DaFuq!?Boom!,19600000,7906181776,Film & Animation,214,United States,Entertainment,2016,2304000000,6700000
419,Clash of Clans,19600000,3961318438,Gaming,674,United States,Games,2013,22292000,NA
420,RKD Studios,19500000,5234251168,Entertainment,847,India,Entertainment,2014,59841000,300000
421,DLS News,19400000,2255542592,News & Politics,4750,India,News,2017,32111000,100000
422,JukiLop,19400000,1577859332,People & Blogs,85,Mexico,People,2017,2382000,100000
423,etvteluguindia,19400000,23038014291,Entertainment,125974,India,Entertainment,2010,272917000,200000
424,FIFA,19400000,5529131886,Sports,10728,Switzerland,Sports,2006,58863000,100000
425,Manoj  parihar,19300000,264228052,nan,335,India,Howto,2021,37167000,300000
426,Vsauce,19300000,2897907132,Science & Technology,462,nan,Entertainment,2007,69614000,100000
427,Unbox Therapy,19300000,4508184467,Science & Technology,2175,nan,Tech,2010,16718000,1100000
428,shane,19200000,4329121104,People & Blogs,570,United States,Comedy,2005,2730000,NA
429,Sonotek,19200000,7590582024,Entertainment,8285,India,Music,2011,28678000,100000
430,Jimmy Kimmel Live,19100000,13124645973,Entertainment,6526,United States,Comedy,2006,17243000,NA
431,TheOdd1sOut,19100000,4566120190,Comedy,139,United States,Comedy,2014,30986000,NA
432,Goldmines Great Indian Comedy,19100000,5194942269,Film & Animation,2948,nan,Film,2016,65920000,200000
433,Lil Nas X,19100000,6339584661,Music,37,nan,Music,2018,46192000,NA
434,ýýýýýýýýýýýýýý ýýýý,19000000,4924054368,Education,60,United States,Entertainment,2018,21587000,100000
435,SUPER SLICK SLIME SAM,19000000,7229175322,Howto & Style,903,Mexico,Howto,2018,123338000,200000
436,Wow Kidz Action,19000000,8281724393,Film & Animation,1525,India,Entertainment,2017,105706000,200000
437,Turma da Mï¿½ï¿½,19000000,13824277846,Film & Animation,1154,Brazil,Film,2012,76903000,100000
438,Calvin Harris,19000000,16014044618,Music,79,United Kingdom,Music,2007,102410000,100000
439,KBS WORLD TV,19000000,15126092508,Entertainment,64496,South Korea,Entertainment,2007,107989000,NA
440,HiMan,18900000,2855519150,People & Blogs,375,Russia,Entertainment,2014,24563000,NA
441,Masha e o Urso,18900000,8301731337,Shows,0,nan,nan,2014,NA,2
442,Little Angel Espaï¿½ï¿½ï¿½ï¿½ï¿½ï¿½ï¿½ï¿½ï¿½,18900000,9813245108,Education,719,Mexico,Education,2018,140398000,NA
443,TED-Ed,18800000,3654621568,Education,2072,United States,Education,2011,29874000,100000
444,Sidemen,18800000,5257834105,Entertainment,312,United Kingdom,Entertainment,2015,78158000,100000
445,Cardi B,18800000,7634430188,People & Blogs,9,nan,nan,2017,7,NA
446,Busy Fun Ltd,18800000,7762077012,nan,2,nan,nan,2021,NA,NA
447,Farruko,18800000,9573641299,Music,217,United States,Music,2009,97758000,100000
448,ýýýýýýýýýýýýýýýýýýýýýý,18800000,9594188708,Entertainment,530,Ukraine,Entertainment,2014,68006000,100000
449,Triggered Insaan,18800000,3276891538,Comedy,304,India,People,2014,109026000,700000
450,CKN,18700000,12295637162,Entertainment,16,Spain,Music,2005,102,1
451,Ali-A,18700000,6148303268,Gaming,2,nan,People,2016,1,NA
452,Shemaroo Comedy,18600000,6047584292,Entertainment,4487,India,Comedy,2007,102431000,200000
453,Smile Family Spanish,18600000,7008250496,nan,457,United States,Entertainment,2019,43396000,200000
454,GRAMMY GOLD OFFICIAL,18600000,20196704276,Music,6287,Thailand,Music,2014,168597000,100000
455,ýýýýýýýý ýýýýýýýýýý ýýýýýýýýýý | Arab Games Network,18600000,8761255550,Gaming,6289,Saudi Arabia,Games,2013,43007000,500000
456,Dan-Sa / Daniel Saboya,18500000,2908120896,Music,1329,Brazil,Music,2007,6148000000,100000
457,Marmok,18500000,3457618361,Gaming,374,Russia,Games,2008,38282000,100000
458,The ACE Family,18500000,4558380251,People & Blogs,712,nan,People,2016,2835000,NA
459,Like Nastya Vlog,18500000,8147575884,People & Blogs,493,Russia,People,2016,48947000,100000
460,Willie Salim,18500000,4051072188,People & Blogs,679,Indonesia,People,2014,197369000,1600000
461,PDK Films,18400000,4120324310,Entertainment,111,United States,Entertainment,2009,14430000,NA
462,TheWillyrex,18400000,7038827526,Comedy,6943,Spain,Games,2011,11004000,NA
463,RsiamMusic : ï¿½ï¿½ï¿½ï¿½ï¿½ï¿½ï¿½ï¿½,18400000,11544297793,Music,3159,Thailand,Music,2011,54133000,100000
464,Dhar Mann,18400000,11280732382,People & Blogs,0,nan,nan,2007,NA,2
465,shakiraVEVO,18400000,25367126292,Music,197,United States,Music,2009,267126000,NA
466,Naisa Alifia Yuriza (N.A.Y),18300000,1606834186,People & Blogs,786,Indonesia,Entertainment,2017,17063000,NA
467,Miley Cyrus,18300000,7760819588,Entertainment,142,United States,Entertainment,2009,127982000,100000
468,IShowSpeed,18300000,1556003039,Gaming,1324,United States,Games,2016,140261000,800000
469,Good Mythical Morning,18300000,8798044678,Entertainment,0,nan,nan,NA,NA,NA
470,Bobby chourasiya,18200000,9937823152,People & Blogs,442,nan,People,2019,467848000,1000000
471,INCRï¿½ï¿,18200000,3213324455,People & Blogs,6903,Brazil,Howto,2017,18045000,NA
472,Jake Fellman,18100000,13378360425,Entertainment,420,United States,Entertainment,2012,497044000,700000
473,GEN HALILINTAR,18100000,3306242674,Entertainment,1037,Indonesia,Entertainment,2015,27312000,NA
474,SQUEEZIE,18100000,9983065083,Gaming,1521,France,Entertainment,2011,48099000,100000
475,Blippi - Educational Videos for Kids,18100000,14857290259,Education,707,United States,Education,2014,180412000,300000
476,officialpsy,18100000,10703830496,Music,131,South Korea,Music,2010,64989000,NA
477,Ajay Sharma,18100000,12249828886,Entertainment,0,nan,nan,2009,NA,1
478,Manual do Mundo,18000000,3980991248,Howto & Style,2470,Brazil,Tech,2006,54766000,100000
479,How Ridiculous,18000000,9601137077,Sports,650,Australia,Sports,2009,391298000,600000
480,And TV,18000000,15412333005,Entertainment,45,United States,Entertainment,2006,4,NA
481,Sebastiï¿½ï¿½ï¿½,18000000,10463166404,News & Politics,237,United States,Music,2013,110776000,NA
482,SonyMusicSouthVEVO,18000000,17921124985,Music,5692,United States,Music,2014,257597000,100000
483,TheGrefg,18000000,6404852037,Gaming,3566,Spain,Games,2012,43830000,NA
484,BeatboxJCOP,18000000,8716982055,Film & Animation,748,nan,Entertainment,2011,1375000000,3400000
485,David Dobrik,17900000,7176572299,People & Blogs,536,United States,People,2014,8650000,100000
486,KatieAngel,17900000,3841205465,People & Blogs,982,United States,Music,2015,51687000,100000
487,RobleisIUTU,17900000,5168721499,Entertainment,1344,Argentina,Games,2013,27545000,100000
488,Lele Pons,17900000,5244917119,Comedy,185,United States,Entertainment,2015,18548000,NA
489,Demi Lovato,17900000,6888074944,Music,314,United States,Music,2008,29182000,NA
490,Like Nastya VNM,17900000,9867515979,Entertainment,602,Vietnam,Entertainment,2019,84467000,100000
491,Jason Derulo,17900000,9887116267,Music,830,United States,Music,2008,447891000,400000
492,MGC Playhouse,17900000,16174530046,Shows,1426,United States,Education,2009,102621000,100000
493,Zuni and Family,17900000,6746269458,People & Blogs,2,nan,People,2020,4,NA
494,Priyal Kukreja,17800000,11057945183,People & Blogs,772,India,People,2021,431390000,900000
495,MSA previously My Story Animated,17800000,8588704539,Film & Animation,26,United States,People,2021,20708,2960
496,ýýýýýýýýý KIMPRO,17700000,19206701832,nan,1646,South Korea,People,2017,3404000000,3200000
497,Jane ASMR ï¿½ï¿½,17700000,7387621644,nan,1888,South Korea,People,2012,102803000,NA
498,ArianaGrandeVevo,17700000,20115544708,Music,178,United States,Music,2010,97422000,NA
499,jaanvi patel,17700000,7912733203,People & Blogs,512,India,People,2018,346753000,900000
500,tanboy kun,17700000,3647267655,People & Blogs,739,Indonesia,Entertainment,2016,48174000,100000
501,Lil Pump,17700000,4196061192,Music,60,nan,Music,2015,9243000,NA
502,Porta dos Fundos,17700000,7739048000,Entertainment,2240,Brazil,Entertainment,2012,35337000,NA
503,News 24,17700000,8396875537,News & Politics,211620,Ukraine,News,2006,370779000,230000
504,Les' Copaque Production,17700000,9059696049,Film & Animation,1716,Malaysia,Entertainment,2009,117727000,200000
505,El Payaso Plim Plim,17700000,17247584185,Film & Animation,1316,Argentina,Music,2013,640030000,600000
506,zbing z.,17600000,9269174070,Gaming,3151,Thailand,Games,2014,55127000,NA
507,MissaSinfonia,17600000,2274007523,Comedy,233,Mexico,Comedy,2011,27445000,100000
508,ýýýýýýýýý Liziqi,17600000,2977741577,Howto & Style,128,China,Howto,2017,22354000,100000
509,The Game Theorists,17600000,3752347262,Gaming,0,Australia,nan,NA,NA,NA
510,DeGoBooM,17600000,6306204566,Gaming,4702,Chile,Games,2014,100215000,500000
511,JFlaMusic,17600000,3802280098,Music,326,South Korea,Music,2011,11099000,NA
512,FactTechz,17500000,2238134438,Entertainment,709,India,Entertainment,2016,21056000,NA
513,News18 India,17500000,7263619576,News & Politics,182742,India,News,2007,394106000,700000
514,Fun For Kids TV - Hindi Rhymes,17500000,7612385622,Entertainment,149,India,Entertainment,2017,109847000,300000
515,IGN,17500000,16107116549,Gaming,156215,United States,Games,2006,98342000,NA
516,Aphmau,17400000,17763586483,Gaming,4411,United States,Games,2012,439870000,400000
517,AMARINTV : ï¿½ï¿½ï¿½ï¿½ï¿½ï¿½ï¿½ï¿½ï¿½ï¿½ï¿½ï¿½,17400000,13043561912,Entertainment,118448,Thailand,News,2014,235993000,200000
518,ýýýýýýýýýýýýýýýý - Al-Remas,17400000,11144195464,Music,2133,Iraq,Music,2013,113003000,NA
519,Koray Zeynep,17400000,16560557488,People & Blogs,2078,nan,People,2016,426389000,400000
520,Apple,17300000,1026425106,Science & Technology,180,United States,Tech,2005,46484000,100000
521,Stubborn Facts,17300000,902225615,Film & Animation,287,India,Entertainment,2016,837850,NA
522,Taarak Mehta Ka Ooltah Chashmah,17300000,11371738047,Entertainment,4778,India,Entertainment,2014,331944000,300000
523,HowToBasic,17300000,3684816159,Howto & Style,582,Australia,Howto,2011,15525000,NA
524,PopularMMOs,17200000,14573155899,Gaming,4685,nan,Games,2012,15296000,100000
525,Marques Brownlee,17200000,3606912471,Science & Technology,1567,United States,Tech,2008,52325000,100000
526,Anitta,17200000,7337212581,Music,138,Brazil,Music,2011,72684000,NA
527,Jason Vlogs,17200000,8903647480,Education,83,Australia,People,2014,25,NA
528,El Reino a Jugar,17200000,11445492404,Education,1007,Argentina,Education,2015,83709000,100000
529,Willyrex,17200000,5024088947,Gaming,7550,Spain,Games,2009,15405000,NA
530,TheBrianMaps,17100000,4448334716,Comedy,498,Russia,Entertainment,2012,37164000,100000
531,TRANS TV Official,17100000,9710962528,Entertainment,148225,Indonesia,Entertainment,2014,45811000,100000
532,Liza Koshy,17100000,2173106162,Comedy,142,United States,Entertainment,2013,1761000,NA
533,Queen Official,17000000,10847948832,Music,1015,United Kingdom,Music,2008,93768000,100000
534,Prajapati News,17000000,1001465469,Comedy,1407,India,Entertainment,2013,7626000,100000
535,Gaby and Alex,17000000,8229883114,Entertainment,1,nan,People,2008,NA,NA
536,LuisFonsiVEVO,17000000,14543594822,Music,97,United States,Music,2009,49817000,NA
537,Pop Chartbusters,16900000,8684010451,Music,2235,India,Music,2011,72911000,200000
538,Guava Juice,16900000,9111000228,Gaming,1910,United States,Entertainment,2006,10889000,NA
539,EeOneGuy,16900000,3827906874,Entertainment,366,United States,Entertainment,2013,1635000,NA
540,VICE,16900000,4609753237,Entertainment,3900,United States,Entertainment,2005,36357000,100000
541,Aayu and Pihu Show,16900000,9270331567,Comedy,441,India,People,2017,89782000,NA
542,Danny Fitt,16900000,9544277833,People & Blogs,2337,United States,Entertainment,2016,275264000,700000
543,Bispo Bruno Leonardo,16900000,3523578665,Nonprofits & Activism,4891,Brazil,Nonprofit,2016,149543000,400000
544,DeToxoMoroxo,16800000,2315962318,Entertainment,1,nan,Music,2016,NA,NA
545,Doggy Doggy Cartoons,16800000,6518418501,Entertainment,0,nan,nan,2018,NA,NA
546,deepesh zo,16800000,7206462713,People & Blogs,41,nan,People,2021,1,1
547,Like Nastya IDN,16800000,7195314800,Entertainment,502,Indonesia,Entertainment,2019,42836000,100000
548,Gato Galactico | GALï¿½ï¿,16800000,3693798804,Film & Animation,1491,Brazil,Entertainment,2013,44121000,100000
549,Salman Noman,16700000,10393037902,Entertainment,3,nan,nan,2022,7,10
550,CoryxKenshin,16700000,7102965621,Gaming,1693,United States,Games,2009,105114000,200000
551,With Kids[ï¿½ï¿½ï¿½ï¿½ï,16700000,8826138204,Entertainment,920,United States,Entertainment,2012,45698000,100000
552,Travis Scott,16700000,7979736581,Music,13,United States,Music,2010,37623,NA
553,Tu COSMOPOLIS,16700000,5089284369,People & Blogs,8741,Mexico,People,2014,16139000,NA
554,Ivana Alawi,16600000,1318442641,nan,180,Philippines,People,2018,15079000,100000
555,Werever2morro,16600000,2798273962,Entertainment,0,Mexico,Games,2010,NA,NA
556,IDEAS EN 5 MINUTOS,16600000,3696973456,Howto & Style,216,Spain,nan,2017,65470,NA
557,NMF News,16600000,7435180827,News & Politics,112261,India,News,2013,59201000,100000
558,SriBalajiMovies,16600000,9439857193,Entertainment,20102,India,Entertainment,2011,154049000,200000
559,Lahari Music - TSeries,16600000,11946217860,Music,8976,India,Music,2011,89012000,100000
560,Younes Zarou,16600000,15278668857,Entertainment,2200,Germany,Entertainment,2021,617257000,900000
561,Jordan Matter,16600000,5819508534,Entertainment,413,United States,Entertainment,2006,199033000,300000
562,ýýýýýýýý ýýýýýýýýýýýýýýýýýýýýýý,16500000,2440934034,Entertainment,421,United States,Entertainment,2014,21953000,200000
563,FailArmy,16500000,3037260680,Comedy,438,United States,Entertainment,2011,112986000,100000
564,BBC News Hindi,16500000,7043235131,News & Politics,21243,India,News,2009,131202000,300000
565,FunFun Toy Doll TV,16500000,7406207930,Entertainment,735,United States,Entertainment,2016,24378000,NA
566,Sandra Cires Art,16400000,3955426159,Howto & Style,1091,United States,Entertainment,2011,18028000,NA
567,Kaykai Salaider,16400000,4434679706,Comedy,428,Thailand,Entertainment,2011,9341000,NA
568,UFC - Ultimate Fighting Championship,16400000,7135820721,Sports,14662,United States,Sports,2006,133208000,100000
569,Ch7HD,16400000,9463244435,Entertainment,56203,Thailand,Entertainment,2010,87757000,100000
570,RCTI - LAYAR DRAMA INDONESIA,16400000,13478392540,Entertainment,1,nan,People,2020,NA,NA
571,Alfredo Larin,16400000,14431830557,Entertainment,1,nan,Entertainment,2015,1,NA
572,GMMTV OFFICIALï¿½ï¿½,16400000,12844432341,Entertainment,23952,Thailand,Entertainment,2010,181382000,200000
573,Matt Stonie,16300000,3527627264,Entertainment,54,United States,Entertainment,2010,29735,NA
574,Boyce Avenue,16300000,6578828147,Music,490,United States,Music,2007,28787000,NA
575,Camila Cabello,16300000,6613422635,Music,80,United States,Music,2015,42704000,100000
576,Little Mix,16300000,7520242626,Music,278,United Kingdom,Music,2011,38604000,NA
577,SAM SMITH,16300000,10170264839,Music,230,United Kingdom,Entertainment,2012,85778000,NA
578,Pitbull,16300000,12475714382,Music,352,United States,Music,2006,88004000,NA
579,Bollywood Classics,16300000,7141825267,Entertainment,1444,India,Music,2011,151477000,300000
580,Technoblade,16300000,1656452554,Gaming,989,United States,Games,2013,17944000,200000
581,W2S,16300000,4768370464,Gaming,652,United Kingdom,Entertainment,2012,3079000,NA
582,Jennifer Lopez,16200000,10227242833,Music,258,United States,Music,2005,63441000,NA
583,Kids Play,16200000,8091706232,Entertainment,593,United States,Entertainment,2018,25912000,NA
584,T3ddy,16200000,2990185467,Comedy,1930,Brazil,People,2012,33015000,100000
585,JJ Olatunji,16200000,4076692623,Gaming,1294,United Kingdom,Entertainment,2011,27808000,100000
586,POPS Kids,16200000,9763592867,Music,3943,Vietnam,Film,2014,256733000,200000
587,Thairath Online,16200000,14563841315,News & Politics,244899,Thailand,News,2010,224756000,100000
588,LEGO,16200000,20522339099,Entertainment,31889,Singapore,Entertainment,2005,117209000,200000
589,XO TEAM,16200000,14784781923,People & Blogs,189,United States,People,2020,37911,1000
590,AdMe,16200000,4488680903,Entertainment,10,Spain,Music,2006,4,NA
591,ExtraPolinesios,16200000,4813127504,People & Blogs,2,nan,People,2015,510,1
592,Dyland PROS,16100000,1517638132,Entertainment,2805,Indonesia,Games,2015,9619000,NA
593,Live,16100000,0,nan,0,nan,nan,2015,NA,NA
594,Vlad and Niki ARA,16100000,7399296005,nan,510,United States,Entertainment,2019,32011000,100000
595,Canal IN,16100000,2687443643,People & Blogs,723,Brazil,Entertainment,2017,13802000,NA
596,TWICE,16100000,5055576881,Music,1123,nan,Music,2016,98720000,100000
597,Daily Dose Of Internet,16100000,6872702790,Entertainment,671,United States,Entertainment,2015,399807000,300000
598,FitDance,16100000,7126210721,Music,41,France,Entertainment,2006,780,4
599,Panda Shorts,16100000,7155736006,nan,667,Sweden,Sports,2020,478528000,3000000
600,Disney Junior,16100000,15812009296,Entertainment,4045,United States,Entertainment,2008,267131000,300000
601,La Rosa de Guadalupe,16100000,9642146451,Entertainment,0,Mexico,Games,2008,NA,NA
602,sagar kalra (Shorts),16000000,6543629679,People & Blogs,453,nan,People,2017,74062000,200000
603,wifistudy,16000000,3018032423,Education,52144,India,Education,2014,14287000,NA
604,Antrax,16000000,3029872908,Gaming,687,Mexico,Games,2015,4698000,NA
605,Enes Batur,16000000,9786595271,Gaming,0,nan,Games,2007,NA,11
606,Totoy kids - Espaï¿½ï,16000000,5997599089,Film & Animation,344,Mexico,Film,2017,112393000,200000
607,ýýýýýýýýýý,15900000,1845329502,People & Blogs,0,Russia,Games,2017,NA,10
608,DopeLyrics,15900000,9962188084,Music,2035,United States,Music,2016,9915000,NA
609,jeffreestar,15900000,2609358468,Howto & Style,433,United States,Howto,2006,2006000,NA
610,Lyna,15900000,6534326412,Gaming,4906,Argentina,Games,2014,64085000,200000
611,MK MUSIC,15900000,9198986881,Music,5105,Brazil,Music,2010,136388000,100000
612,Unspeakable,15900000,9052367553,Gaming,796,United States,People,2016,164895000,200000
613,Camilo,15900000,6802382479,Music,132,Colombia,Music,2010,59890000,100000
614,Dear Sir,15800000,1349288771,Education,633,India,Education,2016,24056000,200000
615,Narendra Modi,15800000,3392918989,News & Politics,20679,India,News,2007,185969000,700000
616,Arif muhammad,15800000,4122634467,People & Blogs,542,Indonesia,Comedy,2017,71870000,100000
617,Rotten Tomatoes Trailers,15800000,13116313599,Film & Animation,10441,United States,Film,2011,25738000,100000
618,Volga Video,15700000,9787697838,Film & Animation,16874,India,Entertainment,2012,51315000,NA
619,DM - Desi Melodies,15700000,5914071870,Music,79,India,Music,2017,141842000,300000
620,MY FAMILY,15700000,6153495609,nan,150,Singapore,People,2019,939647,800
621,Team Films Bhojpuri,15700000,6626563508,Music,19703,India,Music,2014,30744000,NA
622,Zee Music Classic,15700000,5558051295,Music,1640,India,Music,2014,86450000,100000
623,Prime Video India,15700000,8696631898,Entertainment,7090,United States,Entertainment,2016,335111000,1200000
624,Caeli YT,15600000,1511794214,Entertainment,483,Mexico,Entertainment,2010,62551000,NA
625,Kuplinov ï¿½ï¿½ï¿,15600000,6862529416,Gaming,6623,nan,Games,2012,98660000,200000
626,Linus Tech Tips,15600000,7172386509,Science & Technology,6542,Canada,Tech,2008,88224000,100000
627,Juliana Baltar,15600000,3869457097,Entertainment,2019,Brazil,Entertainment,2010,56218000,100000
628,5-Minute Crafts FAMILY,15600000,6165757696,People & Blogs,4245,United States,Howto,2018,27382000,NA
629,Blippi Espaï¿½ï,15500000,8984089026,People & Blogs,598,Mexico,Education,2017,90012000,100000
630,Super Senya,15500000,5070970714,Entertainment,0,nan,nan,2017,NA,NA
631,Katakit Baby TV,15500000,6386271870,Music,220,Saudi Arabia,Music,2010,90914000,200000
632,Infobells Bangla,15500000,7776706184,Education,359,India,Education,2016,167888000,300000
633,ýýýýýýýý ýý ýýýýýýýý,15500000,8265129639,Shows,1021,Saudi Arabia,Film,2017,135036000,300000
634,Henrique e Juliano,15500000,14619523361,Music,325,Brazil,Music,2009,163678000,NA
635,Mr DegrEE,15500000,12880388253,Science & Technology,0,United States,Entertainment,2016,NA,10
636,Kashvi Adlakha,15500000,12714141740,Entertainment,1525,India,Entertainment,2017,139123000,200000
637,Talking Tom & Friends,15500000,6396049701,Entertainment,417,United States,Film,2010,27375000,NA
638,ýýýýýýýý ýýýýýýýýýýýýýý ýýýý 5 ýýýýýýýýýý,15500000,4499826716,Howto & Style,5183,Egypt,Howto,2017,32916000,100000
639,Harsh Beniwal,15400000,1781226000,Comedy,165,India,Comedy,2015,27963000,100000
640,FFUNTV,15400000,11513738907,Gaming,379,United Arab Emirates,Entertainment,2018,80172000,200000
641,Mobile Legends: Bang Bang,15400000,1543608082,Gaming,1647,United States,Games,2016,55369000,100000
642,Roman Atwood Vlogs,15400000,5469103954,People & Blogs,1756,United States,People,2013,1583000,NA
643,Mrwhosetheboss,15400000,3736069980,Science & Technology,1577,United Kingdom,Tech,2011,167697000,400000
644,Genierock,15400000,14564170905,Music,1725,Thailand,Music,2008,82798000,100000
645,zayn,15400000,4909687948,Music,21,United States,Music,2016,36790000,100000
646,Kerajinan 5-Menit,15400000,4750420071,People & Blogs,4186,Indonesia,Howto,2018,19740000,NA
647,FC Barcelona,15300000,2656528205,Sports,10988,Spain,Sports,2006,84867000,200000
648,Dave and Ava - Nursery Rhymes and Baby Songs,15300000,10714145606,Education,851,United States,Education,2014,77053000,NA
649,LOKESH GAMER,15300000,1640078055,Gaming,1397,India,Games,2017,5920000,NA
650,ILYA BORZOV,15300000,9938811455,People & Blogs,2175,Russia,People,2021,475565000,800000
651,Mazhavil Manorama,15300000,16545966132,Entertainment,87864,India,Entertainment,2011,361483000,300000
652,Pokï¿½ï¿½ï¿½ï¿½ï¿½ï¿½ï¿½ï¿½ï¿½,15200000,857725714,People & Blogs,194,India,Film,2017,65380000,1300000
653,The MriDul,15200000,4503880875,Comedy,106,India,Comedy,2015,98329000,200000
654,Niana Guerrero,15200000,1491452935,Entertainment,443,Philippines,Entertainment,2013,9980000,NA
655,SRK MUSIC,15200000,6391679636,Music,5056,India,Music,2012,57809000,200000
656,Sony LIV,15200000,7151683497,Entertainment,11099,India,Entertainment,2014,210909000,300000
657,T-Series Hamaar Bhojpuri,15200000,7564652648,Entertainment,9862,India,Music,2011,105978000,200000
658,Oyuncak Avï¿,15200000,8333387785,Entertainment,654,Turkey,Entertainment,2014,4427000,NA
659,CNN,15200000,14198154095,News & Politics,160405,United States,News,2005,187006000,100000
660,NDTV India,15200000,6624168155,News & Politics,91704,India,News,2008,49662000,100000
661,It's Mamix,15100000,1777072487,People & Blogs,210,United States,People,2017,15984000,NA
662,Kim Loaiza,15100000,1576633086,Music,18,nan,Music,2019,26053000,100000
663,Daftar Populer,15100000,2143140898,Education,3810,Indonesia,Entertainment,2017,17231000,100000
664,Musas,15100000,2400037562,Howto & Style,159,Andorra,People,2006,86,NA
665,Ranz Kyle,15100000,1760131384,People & Blogs,533,Philippines,Entertainment,2008,12376000,NA
666,PowerfulJRE,15100000,3060202847,People & Blogs,1037,United States,People,2013,43409000,200000
667,Mariale,15100000,2761547758,Howto & Style,2618,United States,Entertainment,2010,11956000,NA
668,Makiman131,15100000,4236036141,Gaming,2997,Spain,Entertainment,2013,5972000,NA
669,Hongyu ASMR ï¿½ï¿½,15100000,4967784343,People & Blogs,1,nan,People,2021,NA,NA
670,Mohamed Ramadan I ï¿½ï¿½ï¿½ï¿½ï¿½ï¿½ï,15100000,5324913850,People & Blogs,753,Egypt,Entertainment,2014,46060000,100000
671,EdisonPts,15100000,6668507856,Gaming,3733,Russia,Games,2013,95603000,100000
672,BIGBANG,15100000,7857371770,Music,776,South Korea,Music,2005,40806000,NA
673,Rubï¿½ï¿½ï¿½ï¿½ï¿½ï¿½,15100000,9477021288,Comedy,921,Argentina,Comedy,2016,512343000,700000
674,ABS-CBN News,15100000,10489367372,News & Politics,209520,Philippines,News,2009,181644000,100000
675,Chapitosiki,15100000,13897932103,Entertainment,2717,Russia,Entertainment,2020,713509000,700000
676,AdeleVEVO,15100000,12413869881,Music,52,United Kingdom,Music,2009,84750000,100000
677,MoreAliA,15000000,4352427049,Gaming,2324,United Kingdom,Games,2013,250995000,600000
678,Chetan Monga Vlogs,15000000,9924103188,People & Blogs,899,India,People,2014,113572000,400000
679,Little Angel - Mï¿½ï¿½ï¿½ï¿½ï¿½ï¿½ï¿½ï¿½ï¿½ï¿½,15000000,8897705695,Entertainment,795,Brazil,Education,2018,145478000,NA
680,League of Legends,15000000,7159750970,Gaming,1362,United States,Games,2009,43133000,NA
681,TheRichest,15000000,2730879024,Education,0,United States,Games,2006,NA,NA
682,XpressTV,15000000,4008801873,Entertainment,724,Mexico,Entertainment,2014,33880000,100000
683,PlayStation,15000000,4741434420,Gaming,20292,United States,Games,2005,41789000,100000
684,Kwebbelkop,15000000,6889304306,Gaming,5198,United States,Film,2008,29724000,100000
685,Republic Bharat,15000000,7536093065,News & Politics,206,India,News,2018,998,NA
686,THE BROWN SIBLINGS,15000000,8658553456,Entertainment,965,India,Entertainment,2016,102357000,200000
687,Sony Music South,15000000,9978734160,Music,2726,India,Music,2014,242185000,300000
688,BigSchool,15000000,9996133066,Gaming,68,nan,Film,2020,NA,NA
689,Ray William Johnson,15000000,10239836582,Entertainment,1803,United States,Comedy,2008,312858000,200000
690,KOMPASTV,15000000,11827310821,News & Politics,269050,Indonesia,News,2013,113064000,100000
691,ISSEI / ï¿½ï¿½ï¿½ï¿½,15000000,13562853889,Comedy,1788,Japan,Comedy,2014,282372000,900000
692,Zï¿½ï¿½ï¿½ï¿½ï¿½ï¿½ï,15000000,11506702632,Music,340,Brazil,Music,2012,182871000,NA
693,A2 Motivation by Arvind Arora,15000000,8932038210,Entertainment,3168,India,Entertainment,2017,130731000,200000
694,50 Cent,14900000,10069000444,Music,419,United States,Music,2007,119812000,100000
695,MNCTV OFFICIAL,14900000,8074260978,Entertainment,66362,Indonesia,Entertainment,2012,43581000,100000
696,ERB,14900000,4033400167,Entertainment,86,United States,Entertainment,2006,11043000,NA
697,melanie martinez,14900000,4395184343,Music,127,United States,Music,2007,56358000,100000
698,iTownGamePlay *Terror&Diversiï¿½ï,14900000,4977284539,Entertainment,8420,Spain,Games,2012,13857000,100000
699,ýýýýýýýýýýýý8 : Thai Ch8,14900000,5549770244,Entertainment,27944,Thailand,Entertainment,2011,49556000,100000
700,ZutiGang,14900000,15913320995,People & Blogs,1363,nan,People,2021,346653000,400000
701,ýýýýýý,14900000,439098,People & Blogs,1,Russia,News,2008,7697,NA
702,TazerCraft,14900000,5956193599,Gaming,4175,Brazil,Games,2011,39775000,100000
703,Bayashi TV,14900000,8615618825,Entertainment,93,Japan,Autos,2012,2477,9
704,Fueled By Ramen,14800000,13356517783,Music,1210,United States,Entertainment,2006,61205000,NA
705,CrashCourse,14800000,1833519700,Education,1481,United States,Education,2006,7177000,NA
706,MattyBRaps,14800000,3587576784,Music,195,United States,Music,2010,22980000,NA
707,Lachlan,14800000,5269059435,Gaming,3834,Australia,Games,2013,21072000,NA
708,ýýýýýýýý ýýýýýýýý,14800000,7018015062,Howto & Style,2387,Ukraine,Howto,2015,47117000,NA
709,Meghan Trainor,14800000,8649303688,People & Blogs,233,United States,Music,2008,51645000,NA
710,Jorge & Mateus Oficial,14800000,9076642765,Music,318,Brazil,Music,2008,88120000,NA
711,Major Lazer Official,14800000,9383431376,Music,0,nan,nan,2013,NA,NA
712,Beast Philanthropy,14800000,272678287,People & Blogs,34,Germany,Games,2015,37883,3580
713,Filaretiki,14800000,15788208522,nan,2222,United States,People,2021,1203000000,1700000
714,5-Minute Crafts Recycle,14800000,8866012877,People & Blogs,3867,United States,Howto,2019,53181000,NA
715,ýýýýýýýýýý ýýýýýýýýýýýý,14700000,2230986039,Entertainment,1385,Saudi Arabia,Entertainment,2016,2694000,NA
716,Maha Fun Tv,14700000,1321380490,Entertainment,85,United States,Entertainment,2017,4781000,NA
717,Canal Nostalgia,14700000,1506796393,Entertainment,554,Spain,Entertainment,2010,226420,600
718,The Slow Mo Guys,14700000,2465473772,Entertainment,317,United States,Education,2010,18978000,NA
719,StudyIQ IAS,14700000,4029253667,Education,43564,India,Education,2015,74483000,200000
720,Chad Wild Clay,14700000,6751985988,Comedy,698,United States,Entertainment,2006,36338000,100000
721,CollegeHumor,14700000,7255848125,Comedy,4340,United States,Comedy,2006,55583000,NA
722,Netflix Jr.,14700000,8882319696,Education,1996,United States,Education,2012,79402000,100000
723,Colors Rishtey,14700000,12362331529,Entertainment,23490,India,Entertainment,2013,347603000,400000
724,ABC News,14700000,12961669452,News & Politics,80830,United States,News,2006,185709000,100000
725,Camila Loures,14700000,4684983333,Music,3978,Brazil,Entertainment,2014,40975000,100000
726,Doc Tops,14600000,2613197447,Entertainment,490,Ecuador,Entertainment,2014,16409000,100000
727,Auron,14600000,3337074920,People & Blogs,961,Spain,Games,2013,60568000,NA
728,Jesser,14600000,3603556207,Gaming,1244,United States,Entertainment,2012,92594000,400000
729,Planeta das Gï¿½ï¿½,14600000,4622581344,People & Blogs,951,Brazil,Entertainment,2015,10547000,NA
730,PrestonPlayz,14600000,5766647017,Gaming,4009,United States,Entertainment,2012,151697000,200000
731,Martin Garrix,14600000,6017932195,Music,365,United States,Music,2011,35528000,NA
732,O Reino Infantil,14600000,11182302317,Music,1206,Brazil,Music,2014,109865000,100000
733,Fifth Harmony,14600000,7952268926,Music,67,United States,Music,2013,37632000,NA
734,Mis Pastelitos,14600000,2750902766,Howto & Style,603,Mexico,Music,2014,50677000,100000
735,Noman Official,14600000,5525773746,Comedy,560,India,Film,2019,139116000,500000
736,LEGENDA FUNK,14500000,2440718089,Music,0,Brazil,Music,NA,NA,NA
737,Like Nastya Stories,14500000,6944967581,Entertainment,479,United States,Entertainment,2019,29941000,NA
738,les boys tv2,14500000,4577292740,Entertainment,453,United States,Film,2017,449576,NA
739,Lotus Music,14500000,1739129375,nan,514,India,Tech,2021,23034000,100000
740,IDEIAS INCRï¿½ï¿½,14500000,3551889957,Howto & Style,5430,Brazil,Howto,2017,2838000,NA
741,Reaction Time,14500000,4260187928,Entertainment,1717,United States,Entertainment,2015,9910000,NA
742,BBC News,14500000,4598387043,News & Politics,18972,United Kingdom,News,2006,66273000,100000
743,Eli Kids - Cartoons & Songs,14500000,4821183481,nan,605,United States,Music,2018,149241000,400000
744,Boram Tube ToysReview [ï¿½ï¿½ï¿½ï¿½ï¿½ï¿½ï¿½ï¿½ï¿,14500000,5014888374,People & Blogs,618,South Korea,People,2016,4960000,NA
745,Aadishakti Films,14500000,6290721701,Music,4790,India,Music,2016,48447000,200000
746,Telemundo,14500000,8582696157,Entertainment,19201,United States,Entertainment,2007,48285000,NA
747,GMM25Thailand,14500000,9383692066,Entertainment,68606,Thailand,Entertainment,2011,45622000,100000
748,TV9 Bharatvarsh,14500000,10303519926,People & Blogs,293516,India,News,2018,418474000,700000
749,Maroon5VEVO,14500000,20042571499,Music,147,United States,Music,2009,98185000,NA
750,Saad Lamjarred | ï¿½ï¿½ï¿½ï¿½ï¿½ï¿,14500000,4315486422,Music,176,Morocco,Music,2012,37577000,NA
751,Hear This Music,14500000,9201428420,Music,39,nan,Music,2016,48193000,100000
752,Lilly Singh,14500000,3517662420,Comedy,1064,Canada,Comedy,2010,5329000,NA
753,ýýýýýýýýýýýýýýýýýýýýý,14400000,600154268,Entertainment,364,South Korea,Entertainment,2017,1370000,300000
754,Gyan Gamingï¿½,14400000,2224121890,Gaming,3086,India,Games,2017,13891000,100000
755,Drawblogs,14400000,1629801448,Entertainment,399,Peru,Entertainment,2014,1002000,NA
756,NOBRU,14400000,351763324,Gaming,2,nan,People,2006,2,1
757,ýýýýýýýýýýýý ýýýýýýýýýýýý I ýýýýýý ýý ýýýýýýýýýý,14400000,2972474215,Entertainment,381,Saudi Arabia,Entertainment,2017,4673000,NA
758,Cyprien,14400000,3086254545,Comedy,222,France,Comedy,2007,11417000,NA
759,Rclbeauty101,14400000,3900312631,Comedy,463,United States,Entertainment,2010,8636000,NA
760,Coke Studio,14400000,4035738731,Music,450,United States,Music,2008,3557000,10000
761,Indore Physical Academy,14400000,4156427797,People & Blogs,1838,India,People,2014,70409000,200000
762,Rosanna Pansino,14400000,4597228794,Howto & Style,1248,United States,Howto,2010,26683000,NA
763,Harry Styles,14400000,5689224452,People & Blogs,0,United States,Games,NA,NA,NA
764,Vlad and Niki PRT,14400000,6543282459,nan,516,United States,Entertainment,2018,40089000,NA
765,RS 1313 SHORTS,14400000,8011977288,Entertainment,5628,India,Entertainment,2020,212639000,200000
766,Zig & Sharko,14400000,9023952946,Film & Animation,978,nan,Film,2015,62689000,100000
767,SelenaGomezVEVO,14400000,11423792969,Music,186,United States,Music,2009,88657000,NA
768,ZEE5,14400000,18515587421,Entertainment,101401,India,Entertainment,2018,149799000,100000
769,Super Polina,14300000,4776507159,People & Blogs,576,United States,Entertainment,2014,413774,100000
770,Rebecca Zamolo,14300000,6388439235,Comedy,1,United States,Entertainment,2011,NA,NA
771,Wish 107.5,14200000,6048517979,Music,1823,Philippines,Music,2014,62658000,NA
772,Invento na Hora,14200000,4040297006,Film & Animation,1281,Brazil,Entertainment,2014,19029000,NA
773,SIS vs BRO,14200000,6973932553,Entertainment,60,Ukraine,Entertainment,2016,105,10
774,NikkieTutorials,14200000,1778318927,Howto & Style,876,Netherlands,Entertainment,2008,35934000,NA
775,TommyInnit,14200000,2084791147,Gaming,342,United Kingdom,Games,2015,54291000,200000
776,E-MasterSensei,14200000,3920559552,Gaming,1300,Mexico,Games,2016,44575000,200000
777,infobells - Kannada,14200000,6554000320,Education,433,India,Education,2014,141688000,300000
778,Crazy Frog,14200000,7946322061,Music,0,nan,Games,2005,NA,NA
779,The Dodo,14200000,9964116817,Pets & Animals,8,nan,nan,2006,7208,5
780,SEVENGERS,14200000,10238593147,Comedy,872,India,Comedy,2018,367898000,400000
781,Zee Bangla,14200000,11428794827,Entertainment,132398,India,Entertainment,2008,59927000,200000
782,DangMattSmith,14200000,3317805543,Entertainment,1724,United States,Entertainment,2011,12902000,NA
783,Neha Kakkar,14100000,2131548711,Music,149,India,Music,2012,25605000,100000
784,#Refugio Mental,14100000,3594936775,Entertainment,846,nan,Entertainment,2013,6942000,NA
785,ýýýýýýýýýýýýýýýýýýýý ýýýýýýýýýýýýýýýýýýýý,14100000,3920221322,Entertainment,65,nan,nan,2017,20351,132
786,Trap City,14100000,5129529846,Music,3,Australia,People,2015,147,1
787,Supercar Blondie,14100000,5405563355,Autos & Vehicles,855,United Arab Emirates,Autos,2007,353259000,500000
788,Yudist Ardhana,14100000,6036496916,Entertainment,2854,Indonesia,Entertainment,2016,176062000,400000
789,Lana Del Rey,14100000,6884215292,Music,43,United States,Music,2011,135563000,200000
790,MalumaVEVO,14100000,19013942981,Music,182,United States,Music,2011,98834000,NA
791,F2Freestylers - Ultimate Soccer Skills Channel,14100000,3280481927,Sports,777,United Kingdom,Sports,2011,10222000,NA
792,Bie The Ska,14100000,4627069704,Entertainment,1540,Thailand,Entertainment,2006,12502000,100000
793,AM3NlC,14000000,4959982720,Gaming,5757,Brazil,People,2012,10210000,NA
794,Narins Beauty,14000000,2214167846,Howto & Style,431,Sweden,Entertainment,2014,13709000,NA
795,TV Ana Emilia,14000000,4674164601,People & Blogs,651,Mexico,Entertainment,2014,26783000,100000
796,ýýýýýýýýýýýý,14000000,7719743112,Gaming,2210,Russia,Games,2013,150570000,200000
797,Luli Pampï¿½,14000000,8623705301,Music,294,Spain,Music,2012,201659000,100000
798,Gallina Pintadita,14000000,9660950823,Music,62,Mexico,Film,2011,70626000,NA
799,ViralHog,14000000,18917687143,People & Blogs,41117,United States,Animals,2014,1364000000,1100000
800,ETV Jabardasth,14000000,13542939513,People & Blogs,9652,India,Comedy,2015,133584000,100000
801,Zee Telugu,14000000,12597067132,Entertainment,3,India,Music,2007,7,NA
802,Crescendo com Luluca,14000000,5094050461,Entertainment,1307,Brazil,People,2015,68058000,100000
803,Jazzghost,13900000,5673347763,Gaming,5494,Brazil,Games,2012,106718000,100000
804,karameeshchannel,13900000,9106781518,Entertainment,2254,Jordan,Music,2012,87639000,100000
805,Darkar Company Studios,13900000,2244318380,Film & Animation,183,United States,Comedy,2009,4598000,NA
806,Dental Digest,13900000,7450345720,People & Blogs,324,nan,People,2020,231562000,300000
807,T-Series Regional,13900000,5217553897,Entertainment,15075,India,Music,2011,33484000,100000
808,ADEL et SAMI,13900000,5465532801,Entertainment,503,United States,Entertainment,2018,26883000,NA
809,Jamuna TV,13900000,12129583055,News & Politics,6,Bangladesh,Entertainment,2021,1,NA
810,Atlantic Records,13900000,12513842343,Music,1660,United States,Music,2006,97284000,100000
811,ýýýýýýýý ýý ýýýýýýýýýýýý,13900000,8451754769,nan,504,United States,People,2018,114261000,200000
812,Veritasium,13900000,2165885634,Education,369,United States,Education,2010,44149000,200000
813,Alexa Rivera,13900000,3193226072,Howto & Style,288,nan,Entertainment,2010,142760000,300000
814,Airrack,13800000,2224911030,Entertainment,173,United States,Entertainment,2015,99654000,300000
815,Hacksmith Industries,13800000,1820559912,Science & Technology,887,Canada,Tech,2006,83943000,100000
816,JD Pantoja,13800000,1493776391,People & Blogs,16,nan,Music,2017,13533000,100000
817,ýýýýýýýý/Atro,13800000,2480957682,Gaming,1952,Netherlands,Games,2017,55122000,200000
818,123 GO! Spanish,13800000,5019136690,People & Blogs,520,Mexico,Howto,2019,26519000,100000
819,Geo News,13800000,5727888539,News & Politics,190093,Pakistan,News,2007,100053000,100000
820,Kids TV India Hindi Nursery Rhymes,13800000,6646953396,Shows,1505,India,Education,2014,78651000,100000
821,Think Music India,13800000,11039343563,Music,4978,India,Music,2009,217106000,200000
822,O Que Nï¿½ï¿½ï¿½ï¿½ï¿½ï¿,13700000,1967930734,Comedy,696,Brazil,Entertainment,2015,87804000,200000
823,Goldmines Premiere,13700000,1973638757,Entertainment,975,India,Film,2013,37648000,100000
824,MAIKI021,13700000,1950178163,Entertainment,3298,Brazil,Entertainment,2008,7438000,NA
825,The Vishal bhatt,13700000,9596430464,Comedy,1040,India,Comedy,2021,379240000,600000
826,NishaMadhulika,13700000,2939201386,Howto & Style,2158,India,Howto,2009,22235000,100000
827,MyMissAnand,13700000,4963275018,People & Blogs,340,India,Entertainment,2014,27882000,NA
828,FAPTV,13700000,5457203710,Comedy,863,Vietnam,Comedy,2014,35124000,NA
829,Wesley Safadï¿½,13700000,8134379376,Music,438,Brazil,Music,2009,64059000,NA
830,infobells,13700000,5178142148,Education,495,India,Education,2011,23893000,100000
831,Desi Gamers,13700000,2135195239,Gaming,1,nan,Tech,2020,5,NA
832,Acenix,13600000,2122062016,Gaming,368,Spain,Games,2014,47436000,200000
833,Zeinab Harake,13600000,896891351,nan,273,Philippines,People,2017,12088000,100000
834,DALLMYD,13600000,1948925559,Sports,412,United States,Sports,2011,30677000,100000
835,Lindsey Stirling,13600000,3764608356,Music,199,United States,Music,2007,15277000,100000
836,JOJO TV - Hindi Stories,13600000,5141201173,Education,1097,India,Film,2016,10764000,100000
837,BBC,13600000,9685060624,Pets & Animals,16047,United Kingdom,Entertainment,2005,44414000,100000
838,Saturday Night Live,13600000,14717282742,Entertainment,8335,United States,Comedy,2013,56626000,NA
839,BUDI01 GAMING,13500000,1181292450,Gaming,319,Indonesia,Games,2019,13436000,NA
840,Typical Gamer,13500000,4301581610,Gaming,4312,Canada,Games,2008,32557000,NA
841,Anaysa,13500000,3445794123,Howto & Style,591,India,Howto,2012,29706000,NA
842,JULIA GISELLA,13500000,5380132790,Entertainment,19,United Kingdom,Music,2015,1615,130
843,Awakening Music,13500000,5545936485,Music,814,United Kingdom,Music,2006,35309000,100000
844,Lady Diana,13500000,8265920659,Entertainment,1403,Ukraine,People,2016,75162000,100000
845,Sanjoy Das Official,13500000,3912334359,Entertainment,1793,India,Games,2015,179232000,400000
846,Woody & Kleiny,13500000,11717217293,Comedy,975,United Kingdom,Entertainment,2013,495561000,400000
847,Vijay Kumar Viner Vlogs,13500000,7958771872,Entertainment,1357,India,Entertainment,2019,109813000,300000
848,Conor Maynard,13500000,2750993392,Music,321,United States,Music,2006,10787000,NA
849,Wengie,13500000,1900272833,Howto & Style,462,United States,Howto,2010,1335000,100000
850,Vlad y Niki Show,13400000,4622628957,nan,477,United States,Entertainment,2018,92228000,200000
851,Codiscos,13400000,11789678655,Music,7356,Colombia,Music,2007,228902000,100000
852,The World Adventures ï¿½ï¿½ï¿½ï¿½ï¿½ï¿½,13400000,2139769210,People & Blogs,1028,India,People,2016,1043000,NA
853,Vibhu 96,13400000,20563378,nan,256,India,Education,2022,20264000,300000
854,Blockbuster Movies,13400000,2650061211,Entertainment,0,India,nan,2017,NA,NA
855,ATHLEAN-Xï¿½,13400000,2319515787,Howto & Style,1349,United States,Howto,2006,14498000,NA
856,My Mate Nate,13400000,3363634923,Comedy,1195,Thailand,Entertainment,2014,41672000,NA
857,H2ODelirious,13400000,4356686216,Gaming,3727,United States,Games,2007,16785000,NA
858,GMA Integrated News,13400000,9569814790,News & Politics,296272,Philippines,News,2007,115459000,100000
859,Peet Montzingo,13400000,10022557589,People & Blogs,319,United States,People,2014,397715000,500000
860,The Q,13400000,4306212515,People & Blogs,96,United States,Sports,2006,3,1
861,Trakin Tech,13300000,2262690743,Science & Technology,3640,India,Tech,2011,43669000,100000
862,theRadBrad,13300000,6050102764,Gaming,8195,United States,Games,2006,15694000,NA
863,Matt Steffanina,13300000,3299216601,Entertainment,331,United States,Entertainment,2007,1929000,NA
864,Stray Kids,13300000,3364230487,People & Blogs,3,nan,Comedy,2007,2,1
865,Kurt Hugo Schneider,13300000,3733856870,Entertainment,698,United States,Entertainment,2007,4233000,NA
866,Vogue,13300000,4177184071,Entertainment,3166,United States,People,2008,45095000,100000
867,ýýýýýýýýýýýýýýýýýý,13300000,6482687220,People & Blogs,608,Russia,Entertainment,2015,90241000,100000
868,Kids Lineï¿½ï¿½ï¿½ï¿½ï¿½ï¿½ï¿½,13300000,9088562002,People & Blogs,2742,United States,Education,2011,161889000,100000
869,VexTrex,13300000,7923901253,Entertainment,2411,Ukraine,Entertainment,2014,379346000,NA
870,penguinz0,13300000,7773543609,Gaming,4613,United States,Entertainment,2007,188948000,200000
871,Just For Laughs Gags,13300000,7406628736,Comedy,6916,United States,Comedy,2007,17468000,100000
872,Kabita's Kitchen,13300000,2831275503,Howto & Style,1489,India,Howto,2014,43118000,NA
873,BanderitaX,13300000,4129249415,Gaming,1640,Saudi Arabia,Games,2013,70712000,200000
874,AzzyLand,13300000,6412313570,Gaming,1749,Canada,Entertainment,2015,5387000,100000
875,HUBAï¿½ï¿½,13200000,9884886099,Entertainment,538,United States,Entertainment,2021,319647000,500000
876,BIBO ï¿½ï¿½ï¿½ï¿½ï¿½ï¿,13200000,1148422000,Entertainment,192,Russia,Entertainment,2019,8769000,200000
877,Brawl Stars,13200000,2036408398,Gaming,172,Finland,Games,2017,20369000,NA
878,Ei Nerd,13200000,3568392223,Entertainment,0,nan,Games,2007,NA,NA
879,Sonotek Bhakti,13200000,3789736218,Entertainment,8019,India,Music,2010,25321000,NA
880,Vilmei,13200000,4205664894,nan,1324,Indonesia,People,2013,264308000,800000
881,MC Divertida,13200000,5224764969,Entertainment,413,Brazil,Entertainment,2018,64517000,100000
882,The Infographics Show,13200000,5263540904,Education,4279,United States,Education,2011,51820000,100000
883,jbalvinVEVO,13200000,20743586601,Music,237,Colombia,Music,2010,86270000,NA
884,ýýýýýýTwinsFromRussia,13200000,9378175604,People & Blogs,6888,United States,People,2011,119389000,300000
885,Technology Gyan,13200000,1138262456,Science & Technology,1022,India,Tech,2015,18518000,100000
886,CookingShooking Hindi,13200000,1758603195,People & Blogs,393,India,Howto,2017,11490000,NA
887,Ryan Trahan,13100000,2182651464,Entertainment,33,United States,People,2022,248,1
888,Alex Gonzaga Official,13100000,1401914513,People & Blogs,287,Philippines,People,2017,10848000,NA
889,WiederDude,13100000,2733682792,nan,289,United States,Games,2016,56894000,100000
890,Ian Boggs,13100000,9110348202,Entertainment,1327,nan,Entertainment,2010,329312000,700000
891,Lokdhun Punjabi,13100000,4712624489,Music,1262,India,Music,2010,34438000,100000
892,Knowledge Tv ï¿½ï¿½ï¿½ï¿½ï¿½ï¿½,13100000,1936582704,People & Blogs,7,nan,People,2019,2,NA
893,Painzeiro,13100000,2555801802,People & Blogs,1077,Brazil,People,2015,43990000,100000
894,Peppa Pig em Portuguï¿½ï¿½ï¿½ï¿½ï¿½ï¿½ï¿½ï¿½ï¿,13100000,4214172991,Film & Animation,1365,Brazil,Film,2014,27340000,100000
895,ýýýýýýýýýýýýýýý Ms Yeah,13100000,4399833602,People & Blogs,435,United States,Howto,2017,60661000,100000
896,Hungria Hip Hop,13100000,4608751851,Music,73,Brazil,Music,2013,48223000,NA
897,RaptorGamer,13100000,2879263916,People & Blogs,1444,Ecuador,Games,2016,62909000,300000
898,RedeTV,13100000,5333569294,Entertainment,36760,Brazil,Entertainment,2011,17588000,NA
899,twenty one pilots,13100000,5264039679,Music,194,United States,Music,2009,50922000,NA
900,DJ Khaled,13100000,6637820731,Music,12,Samoa,Music,2006,379,3
901,Davie504,13000000,2683297849,Entertainment,838,Italy,Entertainment,2011,29870000,100000
902,Everson Zoio,13000000,1024467771,Comedy,625,Brazil,Entertainment,2009,3052000,NA
903,Calon Sarjana,13000000,10664585,Entertainment,29,Indonesia,Entertainment,2016,2292000000,300000
904,Lofi Girl,13000000,1698279553,Music,409,France,Music,2015,30471000,100000
905,Jomy Production,13000000,5057163256,Entertainment,8,India,nan,2021,2,NA
906,GH'S,13000000,8739174649,Gaming,510,South Korea,Games,2020,1081000000,1000000
907,JesseAndMike,13000000,9999238237,Entertainment,716,United States,Entertainment,2007,41109000,NA
908,Wolfoo Channel,13000000,301547793,nan,22,Pakistan,People,2021,590,8
909,Susy Mouriz,13000000,6270909026,Entertainment,1299,Mexico,Entertainment,2017,368437000,600000
910,7 Minutoz,13000000,4349562794,Music,521,Brazil,Music,2012,29526000,NA
911,The LaBrant Fam,13000000,4637474071,Comedy,612,United States,People,2012,42412000,NA
912,Pastor Antï¿½ï¿½ï¿½ï¿½ï,12900000,2112274210,People & Blogs,4712,Brazil,People,2013,31796000,100000
913,Matheus Yurley,12900000,140022442,Entertainment,69,Brazil,Entertainment,2015,147626,NA
914,gymvirtual,12900000,2509752944,Sports,1572,Spain,Sports,2010,11993000,100000
915,BIBOï¿½ï¿½ï¿½ï¿½ï,12900000,3178222797,Entertainment,193,South Korea,Entertainment,2016,4001000,NA
916,Top Viral Talent,12900000,3643698504,Entertainment,1598,United States,Entertainment,2014,29379000,100000
917,Akon,12900000,6300933122,Music,39,United States,Music,2005,91240000,100000
918,AlArabiya ï¿½ï¿½ï¿½ï¿½ï¿,12900000,7520379951,People & Blogs,169304,United Arab Emirates,News,2006,80219000,100000
919,Rauw Alejandro,12900000,11504090820,Music,168,nan,Music,2014,205548000,100000
920,EnriqueIglesiasVEVO,12900000,15446707595,Music,137,United States,Music,2009,75773000,100000
921,ýýýýýýýý ýýýý ýýýýýýýýýýýýýý,12900000,5585085130,Shows,1255,Ukraine,Entertainment,2014,71118000,200000
922,The Shiny Peanut,12900000,2848466522,Education,2337,Indonesia,Entertainment,2016,837700,NA
923,Talking Angela,12800000,3632438963,Entertainment,233,United Kingdom,Film,2014,27957000,NA
924,Melon City Show - ï¿½ï¿½ï¿½ï¿½ï¿½ï¿½ï¿½ï¿½ï¿½ï¿½ï¿,12800000,5863456698,Comedy,1727,Iraq,Comedy,2016,35336000,NA
925,Duo Tiempo De Sol,12800000,6662288136,Music,323,Spain,Education,2013,53988000,100000
926,Troom Troom India,12800000,6804072897,Howto & Style,2385,nan,Howto,2015,17270000,NA
927,MrSuicideSheep,12800000,6970899521,Entertainment,3483,Canada,Entertainment,2010,18118000,NA
928,Adam W,12800000,9502983550,Comedy,681,United States,Comedy,2015,228951000,200000
929,Right to Shiksha,12800000,7876740921,Education,2044,India,Education,2020,213738000,300000
930,Beyoncï¿½ï¿½,12800000,14185611472,Music,168,United States,Music,2009,89566000,NA
931,FACT FIRE KING,12700000,1159290255,nan,782,India,Games,2020,51291000,500000
932,Ian Lucas,12700000,1450874545,Entertainment,50,nan,Entertainment,2016,48,8
933,Franco Escamilla,12700000,4266957149,Comedy,2483,Mexico,Comedy,2007,77482000,100000
934,Adexe & Nau,12700000,4579773883,Music,594,Spain,Music,2013,10083000,NA
935,Diana and Roma IND,12700000,5567832210,nan,534,United States,Entertainment,2019,46602000,100000
936,Jass Records,12700000,5958994201,Music,1,nan,Music,2012,1,NA
937,Future,12700000,9927699419,Music,119,United States,Film,2020,472367,1000
938,YoungBoy Never Broke Again,12700000,13174393401,Entertainment,142,United States,Music,2015,169968000,100000
939,Blossom,12700000,4733873025,Howto & Style,812,United States,Howto,2017,43868000,100000
940,#Refï¿½ï¿½ï¿½ï¿½,12700000,2709954270,Entertainment,846,nan,Entertainment,2013,6942000,NA
941,Piuzinho,12700000,1081285962,Gaming,504,Brazil,Games,2015,3619000,NA
942,Heidi y Zidane,12700000,6001189018,nan,600,United States,People,2019,16117000,NA
943,Go Ami Go!,12700000,1714955279,People & Blogs,252,Colombia,People,2015,327600000,1500000
944,Morgz,12600000,3303595310,Gaming,825,United Kingdom,Entertainment,2014,58838000,100000
945,CaseyNeistat,12600000,3152402405,People & Blogs,1101,United States,People,2010,5952000,100000
946,ýýýýýýýýýSULGI,12600000,3485373675,People & Blogs,683,South Korea,People,2012,113132000,300000
947,NickiMinajAtVEVO,12600000,8831179714,Music,99,United States,Music,2010,35027000,NA
948,Ellie Goulding,12600000,6969178081,Music,218,United Kingdom,Music,2007,36681000,NA
949,colinfurze,12500000,1612094871,Entertainment,385,United Kingdom,Entertainment,2006,8482000,NA
950,People Vs Food,12500000,1136534702,Entertainment,601,United States,Entertainment,2013,15340000,NA
951,Wolfoo Family,12500000,161254021,nan,61,United States,Film,2019,757789000,NA
952,Ja Mill,12500000,1302818088,People & Blogs,0,nan,nan,2006,NA,NA
953,Health Time,12500000,1002219689,Howto & Style,1810,India,People,2016,1395000,NA
954,Yair17,12500000,1402042328,Gaming,1109,Mexico,Games,2014,8869000,NA
955,Little Baby Bum en Espaï¿½ï,12500000,6956320454,Education,1459,Spain,Education,2014,16319000,NA
956,First We Feast,12500000,2983799729,Howto & Style,1076,United States,Entertainment,2014,111252000,200000
957,Mï¿½ï¿½ï¿½ï¿½,12500000,3140883140,Travel & Events,766,Mexico,Entertainment,2015,31007000,NA
958,Bebefinn - Nursery Rhymes & Kids Songs,12500000,4163639093,nan,322,United States,Entertainment,2022,565459000,500000
959,Troom Troom PT,12500000,4384177908,Howto & Style,2738,nan,Howto,2015,13501000,NA
960,Parafernalha,12500000,4625777945,Entertainment,1888,Brazil,Entertainment,2011,7158000,NA
961,NDTV,12500000,4935793409,Entertainment,151136,India,News,2006,58527000,100000
962,elcarteldesantatv,12500000,7489455451,Music,377,Mexico,Entertainment,2008,115881000,100000
963,Family Fitness,12500000,10384848759,Entertainment,1699,India,Entertainment,2017,235715000,400000
964,Zee Tamil,12500000,11552190002,Entertainment,102699,India,Entertainment,2008,349940000,200000
965,Flowers Comedy,12500000,11691081301,Entertainment,11907,India,Entertainment,2015,180021000,100000
966,Mundo Bita,12500000,16690788752,Music,253,Brazil,Music,2011,213700000,100000
967,Wave Music Bhakti,12500000,5146004207,Music,19899,India,Music,2011,11079000,NA
968,Troom Troom Indonesia,12500000,5379684248,People & Blogs,8,nan,People,2020,1,NA
969,CKM,12500000,4465772496,Comedy,117,India,Comedy,2018,13142000,NA
970,Quantum Tech HD,12500000,4340213066,Science & Technology,223,Pakistan,nan,2022,8721,32
971,_vector_,12400000,7597013023,Comedy,398,United States,Comedy,2019,903672000,1200000
972,DEV Ke Facts,12400000,1971226335,nan,218,India,Education,2012,273670000,600000
973,Hero Movies 2023,12400000,1689090619,People & Blogs,689,nan,People,2017,21837000,NA
974,LOUD,12400000,2394143260,Gaming,690,United States,Entertainment,2006,27596,NA
975,Gibby :),12400000,2862685032,People & Blogs,226,Mexico,People,2014,10278000,NA
976,Gustavo Parï¿½ï¿½,12400000,2602614088,Comedy,9,Brazil,Comedy,2010,NA,NA
977,SAAIHALILINTAR,12400000,1113066203,Entertainment,409,Indonesia,Entertainment,2012,806075,NA
978,Timba Vk,12400000,2840137980,Gaming,1024,Spain,Games,2012,24022000,100000
979,Heidi and Zidane HZHtube,12400000,4021409291,Entertainment,813,Canada,Entertainment,2015,9595000,NA
980,DaniRep | +6 Vï¿½ï¿½ï¿½ï¿½ï¿½ï¿½ï¿½ï¿½ï¿½ï¿½ï,12400000,6933660906,Gaming,12419,Spain,Games,2012,82648000,100000
981,Zee Kids,12400000,7683670251,Film & Animation,1212,India,Entertainment,2012,95163000,100000
982,Pari's Lifestyle,12400000,7741764747,People & Blogs,459,India,People,2018,38165000,NA
983,DisneyChannelUK,12400000,12607488647,Music,4422,United Kingdom,Entertainment,2007,34758000,NA
984,MoniLina,12400000,16086808918,Comedy,0,United States,People,2016,NA,100
985,bharatzkitchen HINDI,12400000,2315226648,Howto & Style,729,India,Howto,2016,30968000,100000
986,TKOR,12400000,3392022527,Education,0,nan,People,2006,NA,NA
987,ANNA KOVA,12400000,13959586308,People & Blogs,1,nan,Film,2006,2,NA
988,Avril Lavigne,12400000,6202090191,Music,205,United States,Music,2005,50188000,NA
989,Caylus,12400000,4779139505,Education,1340,United States,Games,2016,177600000,400000
990,Migos ATL,12400000,6993406259,Music,99,United States,Entertainment,2012,49412000,100000
991,Natan por Aï¿,12300000,9029609749,Sports,1200,Brazil,Entertainment,2017,552513000,700000
992,Free Fire India Official,12300000,1674409945,People & Blogs,1500,India,Games,2018,64735000,300000
993,Panda,12300000,2214684303,nan,2452,United Kingdom,Games,2006,67035,1000
994,RobTopGames,12300000,374123483,Gaming,39,Sweden,Games,2012,3871000,100000
995,Make Joke Of,12300000,2129773714,Comedy,62,India,Comedy,2017,24000000,100000
